Annotation Id, Left Context, Derge, Chone, Narthang, Peking, Right Context, Decision, Method
f8d5252d818a417890a8a2b7649b4301,༄༅༅། །རྒྱ་གར་སྐད་དུ།, ཤིཀྵ་, ཤིཀྵ་,ཤཀྵ་,ཤཀྵ་,ས་མུཙྪ་ཡཿ བོད་སྐད་དུ, ཤིཀྵ་,SANSKRIT/
452c5c2e50ac4417be01d768e235507f,སྐད་དུ། ཤིཀྵ་ས་མུཙྪ་,ཡཿ,ཡཿ,ཡ།,ཡ།, བོད་སྐད་དུ། བསླབ་པ་,ཡཿ,SANSKRIT/
1d818b5748524f18a90967ba9c195677,་གུས་པར་ཕྱག་འཚལ་ཏེ། ,བདེ་གཤེགས་,བདེ་གཤེགས་,བདེར་གཤེགས་,བདེར་གཤེགས་,སྲས་ཀྱི་སྡོམ་ལ་འཇུག་,བདེ་གཤེགས་,SIMILAR/
c0fd5376567a48af976bea0d97af923b,ས་བརྗོད་པར་བྱ། །སྔོན,ཆད་མ་,ཆད་མ་,ཆོད་མ་,ཆད་མ་,བྱུང་ཅི་ཡང་འདིར་བརྗོ,ཆད་མ་,OUTLIER/
2a311b317f5a4bf291823a6814f24267,ཡང་རྙེད་པར་དཀའ། མིའི,འཇིག་རྟེན་ན་,འཇིག་རྟེན་ན་,འཇིག་རྟེན་ན་,འཇིག་རྟེན་,ཆོས་དང་རྗེས་སུ་མཐུན་,འཇིག་རྟེན་ན་,OUTLIER/
8e7a2e1e2ed749e6bbe9b2f48226ddcf,དེ་ལྟ་བུ་དང་ཕྲད་པ་ལ་,བརྟེན་,བརྟེན་,རྟེན་,བརྟེན་,ནས། །སེམས་ཅན་ཆེན་པོ་,བརྟེན་,OUTLIER/
2d7c35552b24463bba84db1fdecd0a86,ོད་པ། །དེ་ཚེ་དེ་སྲུང,གཞན་མི་,གཞན་མི་,གཞན་པ་,གཞན་མི་,གང་། །བདག་དང་བྱེ་བྲག,གཞན་མི་,OUTLIER/
fd4d8947c97a4fb994bac8c33de9a295,ོར་སྤྱོད་པ་སྐྱེས་ནས་,དེས་,དེས་,དེ་,དེས་,བདག་དང་སེམས་ཅན་གྱི་ཁ,དེས་,OUTLIER/
c38e75e157834d06b9a2212caa3d1b5a,ར་དཀོན་མཆོག་ཏ་ལ་ལའི་,གཟུངས་,གཟུངས་,གཟུངས་,བཟུངས་,ལས། རྒྱལ་དང་རྒྱལ་བའི,གཟུངས་,OUTLIER/
00a1621440bb43f6aad334af416be2ca,ྱལ་བའི་ཆོས་ལ་རབ་དགའ་,སྐྱེད,སྐྱེད,བསྐྱེད,སྐྱེད,། །དད་པ་ཡོན་ཏན་ཡེ་ཤེ,སྐྱེད,OUTLIER/
bf695c25bdac4a44a12f6f0b02b43f47,ལ་ཆགས་པ་མེད། །མི་དལ་,སྤོང་,སྤོང་,སྤངས་,སྤོང་,ཞིང་དལ་བ་མཆོག་ཅིག་ཡི,སྤོང་,OUTLIER/
b246f7c0d97146a891364b61423c48aa,ཅས། །དེ་དག་ཚུལ་ཁྲིམས,བསླབ་པ་,བསླབ་པ་,བསླབས་པ་,བསླབ་པ་,ཡོངས་མི་འདོར། །གང་དག,བསླབ་པ་,OUTLIER/
666a3c74db6a4b0c8287b6301a3a509e,ྡན་དེ་ཡོན་ཏན་ལྡན་པས་,བསྟོད,བསྟོད,སྟོད,བསྟོད,། །གང་དག་རྟག་ཏུ་ཆོས་,བསྟོད,OUTLIER/
97a6ef9e64e249b69d251608a68366b9,ི་རྩ་བ་ཅན་གྱི་ཡོན་ཏན,རྒྱ་ཆེན་པོ་མཐའ་,རྒྱ་ཆེན་པོ་མཐའ་,བརྒྱ་ཆེན་པོ་མཐར་,རྒྱ་ཆེན་པོ་མཐའ་,ཡས་པ་ཞིག་དེར་གསུངས་ཏ,རྒྱ་ཆེན་པོ་མཐའ་,OUTLIER/
144ae07099624afba861338f8b20ebfc,ཆེན་པོ་མཐའ་ཡས་པ་ཞིག་,དེར་,དེར་,དེས་,དེར་,གསུངས་ཏེ། །དེ་རྫོགས་,དེར་,OUTLIER/
e9f95c17dd3a4f11ac125e24a35da034,་བྱང་ཆུབ་ཀྱི་སེམས་ནི,ཡོན་ཏན་,ཡོན་ཏན་,ཡོན་ཅན་,ཡོན་ཏན་,དེ་དག་དང་། ཡོན་ཏན་གྱ,ཡོན་ཏན་,OUTLIER/
5ccd0ef573144026a80a952dcebc05df,ུའི་ལྷག་པའི་བསམ་པ་མ་,འཁྲུགས་,འཁྲུགས་,འཁྲུག་,འཁྲུགས་,བཀའ་སྩལ་པ། རྒྱལ་པོ་ཆ,འཁྲུགས་,OUTLIER/
7295e5520fdf42dc8c1d3900b1eab8ce,་འདས་ཀྱིས་བཀའ་སྩལ་པ།,རྒྱལ་པོ་,རྒྱལ་པོ་,རྒྱལ་པོ་ཆེན་པོ་,རྒྱལ་པོ་,ཆེན་པོ་གང་གི་སེམས་ཅན,རྒྱལ་པོ་,OUTLIER/
fafa6bfbe5a24d6c844805d1175b48dd,ལ་པོ་ཆེན་པོ་འདི་ལྟར་,ཁྱོད་,ཁྱོད་,ཁྱེད་,ཁྱེད་,ནི་བྱ་བ་མང་བྱེད་པ་མང,ཁྱོད་,SIMILAR/
43b66dbcfe8d45aa9284a555c5bafcbc,ྱེ་བོ་ཐམས་ཅད་དང་བདག་,གི་,གི་,གོ་,གི་,འདས་པ་དང་མ་འོངས་པ་དང,གི་,OUTLIER/
8862e7064e0a475cb1ba39624579b910,འདས་པ་དང་། མཚུངས་པའི,བར་གྱིས་,བར་གྱིས་,བར་གྱིས་,བར་གྱི་,རྗེས་སུ་ཡི་རང་བར་གྱི,བར་གྱིས་,OUTLIER/
1f474caedd7c499d87c6b4f8cb2bef4c,ཤིག །རྒྱལ་པོ་ཆེན་པོ་,ཁྱོད་,ཁྱོད་,ཁྱེད་,ཁྱེད་,དེ་ལྟར་ཞུགས་ན་རྒྱལ་ས,ཁྱོད་,SIMILAR/
f30a113bf4924f39a054bfdc43929577,མས་སུ་རིག་པར་བྱའོ། །,ཅ་,ཅི་,ཅི་,ཅི་,སར་མ་ཆུད་པ་ལ་ཡང་བྱང་,ཅ་,OUTLIER/
2fc93e22cfd1474aa743c0696b12e759,་པར། སེར་སྣས་ཡོངས་སུ,དཀྲིས་པ་,དཀྲིས་པ་,བཀྲིས་པ་,དཀྲིས་པ་,ལ་ཡང་བསླབ་པའི་གནས་བཅ,དཀྲིས་པ་,OUTLIER/
3c600b2b277a42b0b673d1d83c44a09a,་སྟེ། ལྷག་མ་གཞན་ལ་མི,སྒྲུབ་པ་,སྒྲུབ་པ་,སྒྲུབ་པ་,བསྒྲུབ་པ་,ཡང་མ་ཡིན་གྱི། ཅི་ནུས,སྒྲུབ་པ་,OUTLIER/
74a4913c61bf4096981033451c35efde,ན་གཤེགས་པའི་སྤྱན་སྔར,བསླབ་པ་,བསླབ་པ་,བསླབ་པ་,བསླབ་,འདིའི་ནང་ནས། བསླབ་པ་,བསླབ་པ་,OUTLIER/
b7ca3234a04745a6b1749e0fe0eec410,དུ་བསྒོམས་ནས། སྡོམ་པ,དང་བདག་,དང་བདག་,དབང་དག་,དང་བདག་,གི་སྟོབས་དང་ཡང་སྦྱར་,དང་བདག་,OUTLIER/
cbd4e132839e4c64af98b5ad6ec234e5,ི་བྱང་ཆུབ་སེམས་དཔའི་,བརྫུན་,བརྫུན་,རྫུན་,རྫུན་,དུ་སྨྲ་བ་ཐ་མ་ཡིན་ནོ་,བརྫུན་,ALTERNATIVE/
0bdb8f884e944abbb386f92a22a42919,རྒལ་བ་བསྒྲལ་བ་དང་། མ,གྲོལ་བ་,གྲོལ་བ་,གྲོལ་བ་,གྲོལ་བ་དང་,དགྲོལ་བ་དང་དབུགས་མ་ཕ,གྲོལ་བ་,OUTLIER/
015f1f7bb4ee4cac9a2a5d85b15475fc,པ་སའི་སྙིང་པོའི་མདོ་,ལས་,ལས་,ལས་,ལ་,ཇི་སྐད་དུ། དགེ་བའི་ལ,ལས་,OUTLIER/
65b81658770d43ba9099b203c0674407,ི་ཤིན་ཏུ་ཚུལ་འཆོས་པ་,བརྫུན་,བརྫུན་,རྫུན་,རྫུན་,ཆེན་པོ་སྨྲ་བ། སངས་རྒ,བརྫུན་,ALTERNATIVE/
a2b427464fa440f1bf4259f8131d958c,ལས་བསྐྱབ་པར་ཁུར་ཁྱེར,བར་སྤྲོ་བ་དེས་ནི་,བར་སྤྲོ་བ་དེས་ནི་,བ་སྤྲོས་པ་དེས་ན་,བར་སྤྲོ་བ་དེས་ནི་,ཕྱག་བྱ་བ་དང་མཆོད་པ་ད,བར་སྤྲོ་བ་དེས་ནི་,OUTLIER/
e3fb85ebe35e4cc897861eb2bf7b71bc,ས་ན་རེ་ཞིག་གཞག་གོ། །,དེ་,དེ་,དེས་,དེ་,ལྟར་སྡོམ་པ་ཡང་དག་པར་,དེ་,OUTLIER/
a3e854f8e0494b7ca64e68f3b73e10fd,ི་ནུས་པར་རིགས་པ་དང་མ,རིགས་པ་,རིགས་པ་,རིགས་པ་དང་,རིགས་པ་,མ་བརྟགས་པར་རྩོམ་པའམ་,རིགས་པ་,OUTLIER/
868336acda0f43739e2af04051503f3c,་པ་གང་ཅུང་ཟད་ལེགས་པར,སྨྲས་པ་,སྨྲས་པ་,སྨྲས་པར་,སྨྲས་པ་,དེ་ཐམས་ཅད་ནི་སངས་རྒྱ,སྨྲས་པ་,OUTLIER/
5d691e57dba94158bc3f7c9a3451851e, སངས་རྒྱས་རེ་རེ་ལ་ཡང,གང་གཱའི་,གང་གཱའི་,གང་གཱའི་,གངྒའི་,ཀླུང་གི་བྱེ་མ་སྙེད་ཀ,གང་གཱའི་,SANSKRIT/OUTLIER/
28552d4567dc49e9911c20cdd7ae1567,་རྣམས་གསུངས་ཏེ། འཕགས,པ་དཀོན་,པ་དཀོན་,དཀོན་,པ་དཀོན་,མཆོག་སྤྲིན་ལས། རིགས་,པ་དཀོན་,OUTLIER/
0d4507e1e4ec4c6486a3ea5d587482ae,་བུ་ཇི་ལྟར་ན་བྱང་ཆུབ,སེམས་དཔའ་,སེམས་དཔའ་,སེམས་དཔའི་,སེམས་དཔའ་,རྣམས་བྱང་ཆུབ་སེམས་དཔ,སེམས་དཔའ་,OUTLIER/
f58faccce18f4c4c831f38afeb8c797a,མས་བྱང་ཆུབ་སེམས་དཔའི,བསླབ་པའི་,བསླབ་པའི་,བསླབས་པའི་,བསླབ་པའི་,སྡོམ་པས་བསྡམས་པ་ཡིན་,བསླབ་པའི་,OUTLIER/
be5a1bb92a9b4dc48fcfbe433bc56e13,བཞིན་གཤེགས་པས་གང་འདི,མདོ་སྡེ་དོ་,མདོ་སྡེ་དོ་,མདོ་སྡེ་,མདོ་སྡེ་དོ་,དང་དེ་དག་ལས་བྱང་ཆུབ་,མདོ་སྡེ་དོ་,OUTLIER/
fa6cec33f66841bfae2795397610c4a8,ྱང་ཆུབ་སེམས་དཔའ་རྣམས,བསྒོམ་པ་,བསྒོམ་པ་,སྒོམ་པ་,བསྒོམ་པ་,གློད་ན་ཡང་ལྟུང་བར་འག,བསྒོམ་པ་,OUTLIER/
58f611d6d02148bbb33b982a3ead3811,་མཚམས་མེད་པ་གང་དག་དང,ལྡན་ན།,ལྡན་ན།,ལྡན་།,ལྡན་ན།, བྱང་ཆུབ་སེམས་དཔའ་མྱ,ལྡན་ན།,OUTLIER/
523dd5ef35054587b20d4dd9e68cff74,ེམས་དཔའ་མྱུར་དུ་བླ་ན,མེད་པ་,མེད་པ་,མེད་པར་,མེད་པ་,ཡང་དག་པར་རྫོགས་པའི་བ,མེད་པ་,OUTLIER/
e011121fd0f943f6890d8e1b3cd09e90,མཚམས་མེད་པ་བཞི་པའོ། ,སྐད་ཅིག་མ་,སྐད་ཅིག་མ་,སྐད་ཅིག་,སྐད་ཅིག་,གཅིག་དང་ལྡན་པའི་ཤེས་,སྐད་ཅིག་མ་,SIMILAR/
88f1d12996e446aabc2c4afc1b7cf92c,འོ། །སྐད་ཅིག་མ་གཅིག་,,,དང་,,ལྡན་པའི་ཤེས་རབ་ཀྱིས་,,OUTLIER/
f1040fdad40e44589f4927009ed61205,་གཏོང་བའི་ཕན་ཡོན་ཡང་,བསྒོམ་,བསྒོམ་,སྒོམ་,བསྒོམ་,མོ། །ཟླ་བ་སྒྲོན་མའི་,བསྒོམ་,OUTLIER/
6391542f6449448595d9ab05b661cdb7,་དཔའ་ཡིན་གྱི་ཐ་དད་དུ,སྤྱོད་པ་,སྤྱོད་པ་,སྤྱོད་པའི་,སྤྱོད་པ་,ནི་མ་ཡིན་པ་སྟེ་སྤྱོ་,སྤྱོད་པ་,OUTLIER/
3c13d2e7ebf04bcb9f49f3e46002d01d,སྐྱེད་པར་བྱའོ། །འདི་,ནི་,ནི་,ནི་,ན་,མི་སྡུག་པ་སྟེ། བདག་ག,ནི་,OUTLIER/
6231942dee8d4cb9a06673074cfc6e1a,་འོངས་ལ། དངོས་པོ་ཞིག,བསླངས་པ་,བསླངས་པ་,བླངས་པ་,བསླངས་པ་,ལས། གལ་ཏེ་དེས་དངོས་པ,བསླངས་པ་,OUTLIER/
9523f31747ce46ffbe23183d41d4f4d7,བྱའོ། །གལ་ཏེ་དེ་ལྟར་,བསམས་,བསམས་,བསམས་,བསམ་,ཀྱང་། དངོས་པོ་དེ་གཏོ,བསམས་,OUTLIER/
b97dd65e438b4136b63510b8d673b6f6,་པོ་དེ་གཏོང་མ་ནུས་ན་,དེས་,དེས་,དེས་,དེ་,སློང་བ་ལ་ཀུན་གོ་བར་བ,དེས་,OUTLIER/
dc8c6780f5d7415f99fb2876d95b6208,ར་གྱུར་པའི་ཉེས་པ་གཞན,སྤང་བའི་,སྤང་བའི་,སྤངས་པའི་,སྤང་བའི་,ཕྱིར་གསུངས་པར་ཟད་ཀྱ,སྤང་བའི་,OUTLIER/
94dd2ab990fd4133ab928b1c486c75da,། ཀྱེ་མའོ་འདི་ནི་ཚུལ,འཆོས་པའོ,འཆོས་པའོ,འཆོས་པའི,འཆོས་པའོ,། །ཀྱེ་མའོ་འདི་ནི་ཁ་,འཆོས་པའོ,OUTLIER/
3b0f606b93094dddb94b2378064e189f,། །ཀྱེ་མའོ་འདི་ནི་ཁ་,གསག་,གསག་,བསག་,བསག་,ཅན་ནོ། །ཀྱེ་མའོ་འདི་,གསག་,SIMILAR/
f4d3dfcfebc3469b8fc3ec29ae42e9ed,རྟེན་གྱི་ཟང་ཟིང་ལྷུར,བྱེད་པའོ,བྱེད་པའོ,བྱེད་པའི,བྱེད་པའོ,། །ཀྱེ་མའོ་འདི་ནི་ཟས,བྱེད་པའོ,OUTLIER/
01c689cc445746d89a5e3290ea1a2f8b,ོ་སོར་རྟོག་ལ་སེམས་ཅན,ལ་བལྟ་,ལ་བལྟ་,ལ་བལྟ་,བལྟ་,བའི་ཕྱིར་ལུས་སྡུག་བས,ལ་བལྟ་,OUTLIER/
bb51ce541d9e4a84bc7c861724416199,ུ་མི་སྐྱེའོ་ཞེས་བསྟན,ཏོ།། །།,ཏོ།། །།,ཏོ།། །།,ཏོ།།,བམ་པོ་གཉིས་པ། བདག་ད,ཏོ།། །།,OUTLIER/
cebe2d8076c944fb83924731d86f7710,ས་ཅན་གྱི་ཁམས་ཐམས་ཅད་,ཀྱི་,ཀྱི་,ནི་,ཀྱི་,རིམ་གྲོ་བྱ་བ་ལ་རབ་ཏུ,ཀྱི་,OUTLIER/
ccdce87018224db9a5d19a16b608e751,སུ་གཏོང་བ་ན། བྱང་ཆུབ,སེམས་དཔའི་,སེམས་དཔའི་,སེམས་དཔའ་,སེམས་དཔའི་,སྤྱོད་པས་ཟིན་ཅིང་དེ་,སེམས་དཔའི་,OUTLIER/
b6b72fdd6517442b91340508fba65e33,་པ་འབྱིན་ཅིང་། ཁྱོད་,ངའི་,ངའི་,དེའི་,ངའི་,ལྕེ་ཁྱེར་ལ་ཇི་ལྟར་ཁྱ,ངའི་,OUTLIER/
239e556721394748a18b5651c1a02cce,་ཡི་མི་ཆད་པར་སྦྱིན་པ,བཏང་བའི་,བཏང་བའི་,གཏང་བའི་,བཏང་བའི་,དངོས་པོ་དག་གིས་ཤིན་ཏ,བཏང་བའི་,OUTLIER/
e8a2f84e28624e21a61e8ee4ae1adb3e,ལ་འཇུག་ཅིང་སྨོན་ལམ་མ,བཏང་བས་,བཏང་བས་,གཏང་བས་,བཏང་བས་,ཡིན་ནོ། །དེ་སློང་བ་ད,བཏང་བས་,OUTLIER/
cfaa80ee70f24bb6bc70e80aa11ce8b8,ད་པའི་ལུས་ལས་ལེགས་པར,བརྟགས་པའི་,བརྟགས་པའི་,བརྟགས་པའི་,བཏགས་པའི་,སྙིང་པོ་ལེན་པའི་སེམས,བརྟགས་པའི་,OUTLIER/
665a30c95ff74c5aae2c66024d8009f6,ེད་འོངས་པའི་ཉོན་མོངས,པར་མི་,པར་མི་,པར་མི་,པར་མ་,འགྱུར་བར་རི་མོར་བྱ་བ,པར་མི་,OUTLIER/
9e2faa7278b2417a96bc90c87358b4c1,་ན་ཞེས་དེས་སྤྱི་བོས་,གཏུགས་,གཏུགས་,གཏུགས་,བཏུགས་,ཏེ་བཟོད་པ་གསོལ་ལོ། །,གཏུགས་,OUTLIER/
9a409a5b4987441b94ddbbb25bfe54d5,ིན་དུ་བརྒྱན་པ་གཟུགས་,བལྟ་,བལྟ་,ལྟ་,བལྟ་,ན་སྡུག་ཅིང་ཚུལ་མཁས་པ,བལྟ་,OUTLIER/
66e8b7a501664fc39ec3193c65661554,ི་ཤིང་རྟ་རིན་པོ་ཆེའི,འཕང་ལོ་,འཕང་ལོ་,ཕང་ལོ་,ཕང་ལོ་,དང་རྩིབས་སྦྱར་བ། རིན,འཕང་ལོ་,ALTERNATIVE/
5066375b14444475bab0de7ca621fd5a,སྣ་ཚོགས་ཀྱིས་ཤིན་ཏུ་,བདུགས་,བདུགས་,བདུགས་,གདུགས་,ཤིང་སྤོས་ཀྱི་སྙིང་པོ,བདུགས་,OUTLIER/
e8807a949730424aa90e3b3a9d4fc089,ཅད་ལ་རིམ་གྲོར་བྱ་བར་,འབུལ་,འབུལ་,དབུལ་,དབུལ་,ལམ། རྒྱལ་སྲིད་ཡོངས་ས,འབུལ་,SIMILAR/
a94b2d554ac144ea83dc0501cf6024ba,པོའི་ཕོ་བྲང་རྒྱན་ཐམས,ཅད་ཀྱིས་,ཅད་ཀྱིས་,ཅད་ཀྱིས་,ཅད་ཀྱི་,རྣམ་པར་སྤུད་པའམ། གཡོ,ཅད་ཀྱིས་,OUTLIER/
dfc8120a8fcd42fd89b2243975340468,ུས་དང་སེམས་ཀྱི་སྟོབས,སྟོན་པ,སྟོན་པ,སྟན་པ,སྟོན་པ,། དགའ་བ་དང་མོས་པ་དང་,སྟོན་པ,OUTLIER/
5d26ca24955c44c58d45460c7a0371f7,།མེ་ཏོག་སྦྱིན་པ་དང་།, སྤོས་, སྤོས་,སྤོན་, སྤོས་,སྦྱིན་པ་དང་། བྱུག་པ་, སྤོས་,OUTLIER/
3f11939dae3b424196932067d1398362,འཕགས་པའི་དགེ་འདུན་ལ་,འབུལ་,འབུལ་,དབུལ་,དབུལ་,ན་སངས་རྒྱས་ཀྱི་ཆོས་ཉ,འབུལ་,SIMILAR/
dfd0117aa3314b9db74196ffd7c1c718,སམ་རང་སངས་རྒྱས་དག་ལ་,འབུལ་,འབུལ་,དབུལ་,དབུལ་,ན། འཕགས་པའི་ཡོན་ཏན་ལ,འབུལ་,SIMILAR/
99772276c9c04dbf812e55ae86840bb5,ི་གནས་དེ་དང་དེ་དག་ལ་,འབུལ་,འབུལ་,དབུལ་,དབུལ་,ན། བླ་མའི་ཚོགས་ཀྱིས་,འབུལ་,SIMILAR/
992dd18e2adb4fb698a75078591e8bb8,། གསེར་གྱིས་གཡོགས་པ།, བལྟ་, བལྟ་,ལྟ་, བལྟ་,ན་སྡུག་པ་དཔག་ཚད་སྟོང, བལྟ་,OUTLIER/
2da05d47571a4e2096a2acc42fc3a171,ྲི་བཟང་པོ་བཻ་ཌཱུརྱའི,རྐང་པ་ཅན,རྐང་པ་ཅན,རང་བཞིན,རྐང་པ་ཅན,།སེང་གེས་བརྟེན་པ་གསེ,རྐང་པ་ཅན,OUTLIER/
796f673a27064b75a90b9374a04b3504,ིག་བརྒྱ་སྟོང་དུ་མའི་,རྒྱན་,རྒྱན་,བརྒྱན་,རྒྱན་,བཀོད་པ།གསེར་གྱི་དྲ་བ,རྒྱན་,OUTLIER/
871004cf48aa48ef88a43f8ac0ad1ea1,བྱེད་པ་དང་། སྦྱིན་པར,བྱེད་པ་,བྱེད་པ་,བྱེད་,བྱེད་པ་,ན། དེ་དགེ་བའི་རྩ་བ་ད,བྱེད་པ་,OUTLIER/
8959d63dcb784e67bc5cf11c34c5aa98,ལོག་པར་གྱུར་ཅིག་ཅེས་,སྨོན་,སྨོན་,སྨི་,སྨོན་,ལམ་འདེབས་སོ། །དགེ་བའ,སྨོན་,OUTLIER/
5d64b4cff3b741a8a3dddf40d5bb5b62,བ་དེ་དག་ཡོངས་སུ་བསྔོ,བ་ན།,བ་ན།,བ་།,བ་ན།, དགེ་བའི་རྩ་བ་དེ་དག་,བ་ན།,OUTLIER/
d8490b330315428f9dfcbadacc0e0192,ྲོལ་བའི་ཕྱིར་སེམས་ཅན,ཐམས་ཅད་,ཐམས་ཅད་,ཐམས་,ཐམས་ཅད་,ཀྱི་སྐྱོབ་པར་གྱུར་ཅི,ཐམས་ཅད་,OUTLIER/
ea0bdb047ae549c799ce18a576316d6b,པའི་ཕྱིར་སེམས་ཅན་ཐམས,ཅད་ཀྱི་,ཅད་ཀྱི་,ཅད་ཀྱིས་,ཅད་ཀྱི་,ཡོངས་སུ་འདྲེན་པར་གྱུ,ཅད་ཀྱི་,OUTLIER/
fee52467431140d39969883c49f6cf32,ད་པ་མེད་པར་གྱུར་ཅིག ,རྟོགས་པ་,རྟོགས་པ་,རྟོགས་པ་,རྟོག་པ་,དང་བློ་གྲོས་དང་། ངེས,རྟོགས་པ་,OUTLIER/
fdb79a91defe44d39e2b57840b21a753,ོའོ། །སེམས་ཅན་ཐམས་ཅད,ཁོར་ཡུག་,ཁོར་ཡུག་,འཁོར་ཡུག་,ཁོར་ཡུག་,གི་རི་ལྟར་བརྫི་བ་མེད,ཁོར་ཡུག་,OUTLIER/
eb97dcdfe1a24680bc674c2da840db9d,དང་མ་བྱོན་པ་དང་ད་ལྟར,བྱུང་བའི་,བྱུང་བའི་,གྱུར་པའི་,བྱུང་བའི་,སངས་རྒྱས་ཐམས་ཅད་ཀྱི་,བྱུང་བའི་,OUTLIER/
b7fd81fed9914dd8b50fd36b07da9cd6,ོ་བ་དང་བྱས་པ་རྗེས་སུ,སྐྱོང་བས་,སྐྱོང་བས་,སྐྱོང་བས་,སྐྱོང་བའི་,དགེ་བའི་བཤེས་གཉེན་མི,སྐྱོང་བས་,OUTLIER/
54207ecda52645638fedbad04156a8be,གཉེན་བསྟེན་པ་ཕུན་སུམ,ཚོགས་པ་,ཚོགས་པ་,ཚོགས་པར་,ཚོགས་པ་,ལ་གནས་པ་སེམས་སུ་འཇུག,ཚོགས་པ་,OUTLIER/
dea9a7337a9c407195f092900e2ac7dc,ན་ལམ་གཅིག་ཏུ་གྱུར་ཏེ,དགེ་བའི་,དགེ་བའི་,དགེ་བའི་རྩ་,དགེ་བའི་,བཤེས་གཉེན་གྱི་དགེ་བའ,དགེ་བའི་,OUTLIER/
c1b498290c2546229d5e1018a1ec958e,་ལ་ཞོན་ཞིང་ཡང་དག་པར་,ཞུགས་,ཞུགས་,བཞུགས་,ཞུགས་,ནས་ཐོགས་པ་མེད་པར་ཐམས,ཞུགས་,OUTLIER/
677c6af67f0741fe8f5f16c143a7324c,ོའི་ཆོས་ཅན་དུ་གྱུར་ལ,སངས་རྒྱས་ཀྱི་ཆོས་ཀྱི་,སངས་རྒྱས་ཀྱི་ཆོས་ཀྱི་,སངས་རྒྱས་ཀྱི་ཆོས་ཀྱི་,སངས་རྒྱས་ཀྱི་,རྒྱུན་ཉམས་པ་མེད་པར་ག,སངས་རྒྱས་ཀྱི་ཆོས་ཀྱི་,OUTLIER/
040ff36cf29749b3892deca43c51ae1b,ོན་དུ་ཕྱོགས་པའི་ལས་ལ,སེམས་པས་,སེམས་པས་,སེམས་པས་,སེམས་དཔས་,བདག་ལ་དགེ་བའི་སེམས་བ,སེམས་པས་,OUTLIER/
89a86ee058a346699b52a6f31e2207f6,་བསྲུང་ངོ་སྙམ་ན་བདག་,བསྲུང་,བསྲུང་,བསྲུངས་,བསྲུང་,བར་བྱའོ། །དེ་བཞིན་དུ,བསྲུང་,OUTLIER/
e7f9773e9eda4c32be9a45cc5f5d7ba1,བག་མེད་པའི་གནས་ལས་ཡང,དག་པར་,དག་པར་,དག་པར་,དག་པའི་,བཟློག་པའོ། །འཁོར་བའི,དག་པར་,OUTLIER/
689e7c1c9ea14e49b1fd3e62374b61f5,པས་དགེ་བའི་བཤེས་གཉེན,རྣམས་ཀྱི་,རྣམས་ཀྱི་,རྣམས་ཀྱིས་,རྣམས་ཀྱི་,དྲུང་དུ་འགྲོ་བར་བྱའོ,རྣམས་ཀྱི་,OUTLIER/
c46c630ae9954637849bd561338272d3,་ལྡན་པའི་ཚིག་བཞི་པའི,ཚིགས་སུ་བཅད་,ཚིགས་སུ་བཅད་,ཚིགས་བཅད་,ཚིགས་སུ་བཅད་,པ་སུ་ལས་མཉན་ཏམ་ལུང་མ,ཚིགས་སུ་བཅད་,OUTLIER/
4e238420a29d457994c803653f31dd7e,་ཇི་སྙེད་ཀྱི་ཚིགས་སུ,བཅད་པ་དེ་,བཅད་པ་དེ་,བཅད་པ་,བཅད་པ་དེ་,བསྟན་པ་དེ་སྙེད་ཀྱི་བ,བཅད་པ་དེ་,OUTLIER/
7bd347572f724c249f64df877bf918f5,དཔོན་དེ་ལ་གཡོ་མེད་པར,རྙེད་པ་,རྙེད་པ་,རྙེད་པ་,བརྙེད་པ་,དང་བཀུར་སྟི་དང་མཆོད་,རྙེད་པ་,OUTLIER/
c550edce379f45ef89ed671caae74f33,གུས་པ་ལྟ་ཅི་སྨོས་ཞེས,གསུངས་སོ།,གསུངས་སོ།,གསུངས་།,གསུངས་སོ།, །ཤེས་རབ་ཀྱི་ཕ་རོལ་ཏ,གསུངས་སོ།,OUTLIER/
7396417d648548faa6abcde8fc0d5d38,ན་པ།བྱང་ཆུབ་སེམས་དཔའ,སེམས་དཔའ་,སེམས་དཔའ་,སེམས་དཔའི་,སེམས་དཔའ་,ཆེན་པོ་རྟག་ཏུ་ངུ་ལ་བ,སེམས་དཔའ་,OUTLIER/
3df510900c98430a8664c8f1f2f56c64,ས་པ། བྲམ་ཟེའི་ཁྱེའུ་,ང་,ང་,དེ་,ང་,ནི་ཆོས་འདོད་པའི་ཕྱིར,ང་,OUTLIER/
d5e6baebe0184f10ad414d87394f0c61,འདོད་ན། ལུས་ཉོ་བ་དེ་,ངས་,ངས་,ངེས་,ངས་,མ་རྙེད་ནས་དེ་ལ་ང་འདི,ངས་,OUTLIER/
2af8efb0192c42f7b34b99515b7a1c0e,་དཔའ་སེམས་དཔའ་ཆེན་པོ,རྟག་ཏུ་ངུ་,རྟག་ཏུ་ངུ་,རྟག་ཏུ་,རྟག་ཏུ་ངུ་,ལ་འདི་སྐད་ཅེས་སྨྲས་ས,རྟག་ཏུ་ངུ་,OUTLIER/
9f5c44a5167543dfb804adb635efaf09,ས་པ་བྱང་ཆུབ་སེམས་དཔའ,སེམས་དཔའ་ཆེན་,སེམས་དཔའ་ཆེན་,སེམས་ཆེན་,སེམས་དཔའ་ཆེན་,པོ་ཆོས་འཕགས་ལ་ཡང་བཀུ,སེམས་དཔའ་ཆེན་,OUTLIER/
b17eece4b6524de3ab31a892314a8061,ིན་དུ་སྦྱར་ཏེ། དེ་ནས,ཚོང་དཔོན་གྱི་,ཚོང་དཔོན་གྱི་,ཚོང་དཔོན་,ཚོང་དཔོན་གྱི་,བུ་མོ་དེས་བྱང་ཆུབ་སེ,ཚོང་དཔོན་གྱི་,OUTLIER/
3e5ce356845b49048a389ee4203ccb48,་གཱའི་ཀླུང་གི་བྱེ་མ་,སྙེད་,སྙེད་,རྙེད་,སྙེད་,དུ་ལུས་ཡོངས་སུ་གཏང་བ,སྙེད་,OUTLIER/
03681af4a4d947788a2783f745826047,་མ་བཏབ་ཀྱིས་ལེགས་པར་,བྱུགས་,བྱུགས་,བྱུགས་,བྱུག་,ལ་མེ་ཏོག་སྣ་ཚོགས་གཏོ,བྱུགས་,OUTLIER/
9c851c81285f4a54a47f874e07a6d7ac,་ནས་བྱང་ཆུབ་སེམས་དཔའ,སེམས་དཔའ་ཆེན་,སེམས་དཔའ་ཆེན་,སེམས་ཆེན་,སེམས་དཔའ་ཆེན་,པོ་རྟག་ཏུ་ངུས་ལྷའི་ས,སེམས་དཔའ་ཆེན་,OUTLIER/
94a7e8cceae2415a9711428749d381e2,ུ་འདི་སྙམ་དུ་སེམས་ཏེ, བདག་གི་, བདག་གི་, བདག་གིས་, བདག་གི་,ལུས་ཕུག་ལ་ཁྲག་གིས་ས་, བདག་གི་,OUTLIER/
02d4a79364bb41b5871f2dbe01189552,ུལ་ཆེ་སྟེ། རྡུལ་གྱི་,,,པ་,,འདི་ནས་བྱུང་བས་བྱང་ཆ,,OUTLIER/
d035c5c101644f0eb2c4d6b4a358e3f9,མང་པོ་དེ་ལྟ་བུའི་གནས,སུ་ཞིག་,སུ་ཞིག་,སུ་ཞིག་,སུ་ཞིག་པ་,པ་ནི་ཅིར་ཡང་མི་རུང་ང,སུ་ཞིག་,OUTLIER/
e843a7686ced4489b5263ecacd9e09cf,་ཐར་བར་བྱ་བའི་བློ་དང,ཟོང་ཟིང་,ཟང་ཟིང་,ཟང་ཟིང་,ཟང་ཟིང་,མེད་པའི་སེམས་ཀྱིས་གཞ,ཟོང་ཟིང་,OUTLIER/
aa738cfa07db4544b9b758aee319a6dc,ས་བསྟན་པའི་རྒྱུར་ཐ་ན,གོམ་པ་,གོམ་པ་,ཀོམ་པ་,གོམ་པ་,གཅིག་འདོར་རམ་ཐ་ན་དབུ,གོམ་པ་,OUTLIER/
9ee480b0af7a411e8bb86ad25b6df73f,གས་ཀྱི་བུ་གཞན་ཡང་ཆོས,གང་གིས་,གང་གིས་,གང་གི་,གང་གིས་,ཆོས་གང་འབྱུང་བའི་ཆོས,གང་གིས་,OUTLIER/
e449ec55bc044be999d28ef9b1a01d50,ུབ་སེམས་དཔའི་སྨོན་ལམ,གང་གཱའི་,གང་གཱའི་,གང་གའི་,གང་གའི་,ཀླུང་གི་བྱེ་མ་སྙེད་ག,གང་གཱའི་,SANSKRIT/
b3d0cc0681d448e68b9668ef8e15cb74,་དམ་པའི་ཆོས་འཛིན་པ། ,ཆོས་ཀྱི་,ཆོས་ཀྱི་,ཆོས་ཀྱིས་,ཆོས་ཀྱི་,བདག་ཉིད་ཆེན་པོ་སྐྱེ་,ཆོས་ཀྱི་,OUTLIER/
de392ed9e4fa4d00b33130a713f16385,ལ་ལུས་བསྲུང་གང་ཞེ་ན།, གནོད་, གནོད་,མནོད་, གནོད་,འགྱུར་སྤོང་བ་གང་ཡིན་, གནོད་,OUTLIER/
b1127d5c333c41e9859294e8e78a6011,ས། །རབ་ཏུ་འཛིན་པར་མི,བགྱིད་དེ,བགྱིད་དོ,བགྱིད་དོ,བགྱིད་དོ,། །དེ་དག་སྣ་ཚོགས་གཏམ,བགྱིད་དེ,OUTLIER/
9a0ffb669a4143bf9944e6a975b657f3,ཡང་དག་སྡིག་མེད་སྤྱོད,ཡུལ་གྱི,ཡུལ་གྱི,ཡུལ་གྱིས,ཡུལ་གྱི,། །སླད་ཀྱིས་དེ་དག་བས,ཡུལ་གྱི,OUTLIER/
bcdb84b923c14484812aa3bbfc88d638,།དེ་དག་ལས་ནི་སྨིན་མ་,འགྱུར,འགྱུར,གྱུར,འགྱུར,། །ཆོས་རྣམས་ལ་ནི་གནས,འགྱུར,OUTLIER/
ef57eac9810d4d91a4539f0c7095a0ef, །རབ་ཏུ་འཛིན་པ་འབྱུང,འགྱུར་བ,འགྱུར་བ,འགྱུར་བར,འགྱུར་བ,། །དེ་དག་དེ་བཞིན་ཚུལ,འགྱུར་བ,OUTLIER/
a659fd3b5cda4992a1025c6c54db19d7,ན་གང་། །དེ་དང་འདྲིས་,བྱེད་,བྱེད་,བྱེ་,བྱེད་,རྣམ་པར་སྤང་། །ཁྱིམ་ར,བྱེད་,OUTLIER/
03f5288ac5884494a9bf06342db681de,ུའང་དགའ་མི་བྱེད། །ཕག,འཚོང་པ་,འཚོང་པ་,འཚོག་པ་,འཚོང་པ་,དང་ཤན་པ་དང་། །འདྲིས་,འཚོང་པ་,OUTLIER/
3ca45c3063304d47acf7a67fc9b73e06,ྣམ་པ་ཀུན་དུ་ཡོངས་སུ་,སྤང་,སྤང་,སྤངས,སྤང་,། །མཁས་པས་བུད་མེད་རྣ,སྤང་,OUTLIER/
1f47b549028449e6be05318641e12d20,ུ་ཕྱིན་པ་ལས། བྱང་ཆུབ,སེམས་དཔའ་,སེམས་དཔའི་,སེམས་དཔའ་,སེམས་དཔའ་,ཐེག་པ་ལ་ཡང་དག་པར་ཞུག,སེམས་དཔའ་,OUTLIER/
26eb9879c8b44d0cb826c3baa67b95f0,་པར་གཞོམ་པའི་སླད་དུ་,ལམ་,ལམ་,ལན་,ལམ་,བསྒོམ་པར་མི་བགྱིད་དེ,ལམ་,OUTLIER/
20559c0f7ae54b60aeea22bbe040fde0,ལྕི་བའམ་དུས་རིང་པོར་,རྩོམ་,རྩོམ་,རྩོན་,རྩོམ་,པའམ་མོས་པ་ཡོངས་སུ་མ་,རྩོམ་,OUTLIER/
197e5fa499564f83a130420bf8c7a5f6,ེར་ན་སྨན་ཤིང་ལྗོན་པ་,,,ན་,,སྡུག་པ། །རྩ་བ་ལ་སོགས,,OUTLIER/
154034e5623445eeabf1ac8d725bdfab,པའི་གྲོགས་པོ་ཡོངས་སུ,སྤངས་པར་,སྤངས་པར་,རྣམ་པར་,སྤངས་པར་,རིག་པར་བྱ་སྟེ། རིགས་,སྤངས་པར་,OUTLIER/
ad165745b55845b281bc68273b100a19,པ་དག་ལ་འགྱོད་པ་ཉེ་བར,སྒྲུབ་པ་,སྒྲུབ་པ་,སྒྲུབ་པ་,བསྒྲུབ་པ་,དང་། ཐེག་པ་ཆེན་པོ་ལ་,སྒྲུབ་པ་,OUTLIER/
cac3cfb246314c12b118eebfafd3b390,སྲོག་གི་ཕྱིར་རམ་ཐ་ན་,བཞད་,བཞད་,བཞན་,བཞད་,གད་ཀྱི་ཕྱིར་ཡང་ཤེས་བ,བཞད་,OUTLIER/
07109bc47d3547458bf8fe72898c97a0,ཕྱིར་ཡང་ཤེས་བཞིན་དུ་,བརྫུན་,བརྫུན་,རྫུན་,རྫུན་,གྱི་ཚིག་མི་སྨྲ་བ་དང་,བརྫུན་,ALTERNATIVE/
73cb3dfd5022425db4d9871138ba18a6,ང་དེ་དག་གི་ཡང་དག་པའི,བསྔགས་པ་,བསྔགས་པ་,བསྔགས་པ་,སྔགས་པ་,ཕྱོགས་བཞིར་བརྗོད་པ་ད,བསྔགས་པ་,OUTLIER/
e8f4898a9c9e433492c4495e352a4298,མ་འོན་ཏེ་དུད་འགྲོའི་,,,བ་,,རྣམས་སམ། །ཡི་དགས་འགྲ,,OUTLIER/
f90719ed7445419094e3433a6de533ad,འོ། །ཁ་ཟས་བསོད་པ་དང་,ཡི་,ཡི་,ཡིད་,ཡི་,གར་འོང་པ་དང་རྣལ་འབྱོ,ཡི་,OUTLIER/
338261c8f8d14e37adbd7f86d59855f2,་ལ་ནི་མཆོད་རྟེན་གྱི་,ཟོང་,ཟོང་,ཟོང་,ཟོངས་,ཅིས་ཀྱང་བྲེལ་ཕོངས་པ་,ཟོང་,OUTLIER/
8d7b1959997c4dca9f91449cafba0132,ཏེ། ཕུར་པ་སྟོང་གི་བར,དག་གིས་,དག་གིས་,དག་གིས་,དག་གི་,ལུས་ལ་ཟུག་ཅིང་།འབར་ར,དག་གིས་,OUTLIER/
55962c6242f04f199cb9216a9b70a2c3,བ་ཡིན་ཏེ། དེ་གཞོང་པ་,འཁྲུ་,འཁྲུ་,འཁྲུ་,ཁྲུ་,ཞིང་འདུག་པ་དང་། དགེ་,འཁྲུ་,OUTLIER/
3a35f3b565c44d6590795229ad1a6469,ེ་མཐོང་ནས་དྲིས་པ་དགེ,ཚུལ་ཕ་,ཚུལ་ཕ་,ཚུལ་ཕ་,ཚུལ་བ་,ཅི་དེང་དགེ་འདུན་ལ་སྐ,ཚུལ་ཕ་,OUTLIER/
5d0d1863621a4b1887d024434c6764cb, །གང་གི་ཚེ་དེ་ཀུན་ནས,དཀྲིས་པ་,དཀྲིས་པ་,བཀྲིས་པ་,བཀྲིས་པ་,དང་བྲལ་བར་གྱུར་པ་དེ,དཀྲིས་པ་,SIMILAR/
605ef305e6004083a7d613de75402ea8,་སོང་ནས་སྨྲས་པ། གནས་,བརྟན་,བརྟན་,གཏན་,བརྟན་,ཁྱོད་ཀྱིས་ཁོ་བོ་སུ་ལ,བརྟན་,OUTLIER/
085595875d3d412e9ca311068371e781,ོའོ་ཞེས་བྱ་བའོ། །ཆོས,སྨྲ་བ་,སྨྲ་བ་,སྨྲས་པ་,སྨྲ་བ་,ལ་སོགས་པ་བསྲུང་བའི་ལ,སྨྲ་བ་,OUTLIER/
fc910c00ae634ae59076349116b45618,ུལ་བ་འཕྲོག་གམ་འཕྲོག་,,,,འཕྲོག་ཏུ་,འཇུག་པ་འདི་ནི་རྩ་བའི,,OUTLIER/
bb04e236756f41e09221d9bbcb83c130,།གང་ཡང་ཆོས་སྤོང་ཞིང་,འགོག་,འགོག་,འགོག་,འོག་,ཏུ་འཇུག་སྟེ། ཉན་ཐོས་,འགོག་,OUTLIER/
fd3270575a28484190f08b27a9851208,་བ་གཉིས་པའོ། །གང་ཡང་,ངའི་,ངའི་,དེའི་,ངའི་,ཕྱིར་རབ་ཏུ་བྱུང་སྟེ་,ངའི་,OUTLIER/
d1229e0c6639469cb37fffcedb82162d,ུས་ལ་ལག་ཆས་བསྣུན་ནམ་,བཙོན་,བཙོན་,བརྩོན་,བཙོན་,རར་འཇུག་གམ་སྲོག་དང་བ,བཙོན་,OUTLIER/
b016e1e3cb064aac8c8989658bf358f1,ང་ཡང་ཆེད་དུ་བསམས་ཏེ།, མའི་, མའི་,མིའི་, མའི་,སྲོག་གཅོད་པ་དང་ཕ་དང་, མའི་,OUTLIER/
593311d377344a40a7011dbc01351fa1,་པ་ཆེན་པོ་ལ་ཡང་དག་པར,ཞུགས་པ་,ཞུགས་པ་,ཞུགས་,ཞུགས་པ་,ལས་དང་པོ་པ་རྣམས་ཀྱི་,ཞུགས་པ་,OUTLIER/
4be980713acf437f8a8217d9ba7d7b7e,ིན་དུ་སེམས་ཅན་རྣམས་ལ,བགས་ཀྱིས་,བགས་ཀྱིས་,བགས་ཀྱི་,བགས་ཀྱིས་,ཆོས་བསྟན་པར་བྱ་སྟེ།,བགས་ཀྱིས་,OUTLIER/
28886e63bd164170a5e7fa6febbdb4e1,ར་ཏེ། གཞན་ཡང་བྱང་ཆུབ,སེམས་དཔའ་,སེམས་དཔའ་,སེམས་པ་,སེམས་དཔའ་,ལས་དང་པོ་པ་ཁ་ཅིག་ལ་འ,སེམས་དཔའ་,OUTLIER/
07b0ce30a1e04cc095342aa9a288726d,དག་ལ་བསྟོད་ཅིང་གཞན་ལ,སྨོད་པས་,སྨོད་པས་,སྨྲས་པས་,སྨོད་པས་,ལྕི་བ་ཆེན་པོའི་ལྟུང་,སྨོད་པས་,OUTLIER/
f96c1cda32794f408a96e92bfbd637d2,འདི་བྱུང་སྟེ། ལྟུང་བ,ལྕི་བ་,ལྕི་བ་,ཅི་བ་,ལྕི་བ་,དེས་མཁས་པ་ཐམས་ཅད་ཀྱི,ལྕི་བ་,OUTLIER/
ca5afb9aceef4fd7987354812717d3c1,ད་དུ་འཇུག་ཆད་པས་ནོར་,འཕྲོག་,འཕྲོག་,ཕྲོག་,འཕྲོག་,ཏུ་འཇུག་སྟེ། གནོད་པ་,འཕྲོག་,OUTLIER/
98b2bb3e52b6433c8bff9bd6b1f54da6,ུལ་བར་འགྱུར་ཏེ་དེ་དག,གཉི་ག་,གཉི་ག་,གཉིས་ཀ་,གཉིས་ཀ་,ལ་རྩ་བའི་ལྟུང་བར་འགྱ,གཉི་ག་,SIMILAR/
6f76752118d14fcf9981d1b1258d18aa,ལ་འཇོག་པར་འགྱུར་རོ། ,མདོ་སྡེ་,མདོ་སྡེ་,མདོ་,མདོ་,དང་འདུལ་བ་དང་བསླབ་པ་,མདོ་སྡེ་,SIMILAR/
7d9246d35d9c481784a9725ab99c1f54,་ལ་མི་ལྟ་ཞིང་། ནག་པོ,བསྟན་པ་,བསྟན་པ་,བསྟེན་པ་,བསྟན་པ་,དང་ཆེན་པོ་བསྟན་པ་སྤང,བསྟན་པ་,OUTLIER/
f6d7fe558b634033b69074113feadd30,སྟན་པ་སྤངས་ཏེ། སྙིང་,རྗེ་,རྗེ་,ཆེ་,རྗེ་,ཆེན་པོའི་ཚུལ་དང་ཤེས་,རྗེ་,OUTLIER/
a836a87f84e84cd9975a3f7be0f40161,ནས་བུ་མོའི་གཟུགས་ཀྱི,བར་གྱིས་,བར་གྱིས་,བར་གྱིས་,བར་གྱི་,མདུན་དུ་གནས་པར་འགྱུར,བར་གྱིས་,OUTLIER/
15c1ea2855184094bf6d06ae5dfb33f2,།དེ་ལ་ཐེག་པ་ཆེན་པོའི,ཐབས་ཀྱི་,ཐབས་ཀྱི་,ཐབས་ཀྱི་,ཐབས་ཀྱིས་,ཐབས་ཤེས་པ་འདི་ལྟ་བུ་,ཐབས་ཀྱི་,OUTLIER/
0585277964f3426fad0aeea08f95129e,་དཔའ་ལས་དང་པོ་པ་དེས་,དེ་,དེ་,དེས་,དེ་,ཉིད་དུ་བྱང་ཆུབ་ཀྱི་ས,དེ་,OUTLIER/
ff7404e276b645dd85f3562a4c518e0e,ཡང་ན་མདོ་སྡེ་དེ་ཉིད་,ལས་,ལས་,ལས་,ལ་,གསོལ་བ་གདབ་པའི་སྔགས་,ལས་,OUTLIER/
05cefcbbec9140fab831308b0d5ae82d,ད་ལས་གསོལ་བ་གདབ་པའི་,སྔགས་,སྔགས་,སྔགས་,ཀྱིས།!,སྔར་སྨོས་པ་གང་ཡིན་པ་,སྔགས་,OUTLIER/
f335869025394ff08eace4d399dac50d,།དགོན་པའམ་ནགས་འདབ་བམ,བླ་གབ་,བླ་གབ་,བླ་གམ་,བླ་གབ་,མེད་པར་ཨ་ཀ་རུའམ་རྒྱ་,བླ་གབ་,OUTLIER/
8e5474ae4d014086b4611609cfec53a1,ར་ཏེ་ཕྱོགས་དང་ཕྱོགས་,མཚམས་,མཚམས་,མཚམས་,འཚམས་,ཀུན་དུ་ཡན་ལག་ལྔས་ཕྱག,མཚམས་,OUTLIER/
a09fe23818de4b739439188ec4e422c0,་ར་མུ་ར་བེ་ག་དྷཱ་རི།,མཱ་ཙ་ལེ། བྷུ་ཛཱ་,མཱ་ཙ་ལེ། བྷུ་ཛཱ་,མུ་ཙ་མེ། བྷུ་ཝུ་ཛ་,མུ་ཙ་མེ། བྷུ་ཝུ་ཛ་,ཤ་ཏ། ཀཱ་རུ་ཎི་ཀ །ཙིན,མཱ་ཙ་ལེ། བྷུ་ཛཱ་,SANSKRIT/
7d75658ed71e49c7b5c72b0535732d5f,ཛཱ་ཤ་ཏ། ཀཱ་རུ་ཎི་ཀ །,ཙིནྟ་,ཙིནྟ་,ཙིན་ཏཱ་,ཙིན་ཏཱ་,མ་ཎི་པཱུ་རཱ་ཡ། ཀཱ་རུ,ཙིནྟ་,SANSKRIT/
5005839c7783415e9f4798210034273e,ཎི་ཀ །ཙིནྟ་མ་ཎི་པཱུ་,རཱ་,རཱ་,ར་,ར་,ཡ། ཀཱ་རུ་ཎི་ཀ་སརྦ་ཤ་,རཱ་,SANSKRIT/
ca801d476d1448ad9834612b28322d2b,ཱ་ཡ། ཀཱ་རུ་ཎི་ཀ་སརྦ་,ཤ་,ཤ་,ཤཱ་,ཤཱ་,མེ་སྠཱ་པ་ཡ། ཨཱ་ཛྙཱ་ད,ཤ་,SANSKRIT/
5df33977a093459896ecade05a442134,སརྦ་ཤ་མེ་སྠཱ་པ་ཡ། ཨཱ,ཛྙཱ་དྷཱ་,ཛྙཱ་དྷཱ་,ཛྙ་དྷ་,ཛྙ་དྷ་,རཱི་སྥུ་གུང་སྥུ་གུང་,ཛྙཱ་དྷཱ་,SANSKRIT/
f76e5c84a63d488f941070cfb638f856,་གུང་། རུ་ཏི་བི་བེ་ཀ,གུ། དྲིཥྚི་,གུ། དྲིཥྚི་,གུཿ། གྲཥྚྲི་,གུཿ། གྲཥྚྲི་,བི་བེ་ཀཾ་གུ།པཱུ་ར་ཡ་,གུ། དྲིཥྚི་,SANSKRIT/
4b2255e4900145c99ce9917ae66a7429,ྟུ་མ་མ་སརྦ་ཨཱ་ཤ །སརྦ,པ་ཐཾ་,པ་ཐཾ་,ཐ་,ཐ་,ཙ། ཨ་ཤོ་ཀ་ག་ཏི་སྭཱ་ཧ,པ་ཐཾ་,SANSKRIT/
08d9c7d852b34fd9bf58c23b0fb048d6,ཚུན་དུ་ལྟུང་བ་ཐམས་ཅད,སྤང་བར་,སྤང་བར་,སྤངས་པར་,སྤང་བར་,བྱའོ། །རང་བཞིན་གྱིས་,སྤང་བར་,OUTLIER/
4f4a12b5e14540c18d93b3f890ba1192,ས་ཁ་ན་མ་ཐོ་བ་ཆེ་བས་ན,གང་གི་,གང་གི་,གང་གིས་,གང་གི་,ཡང་དག་པར་མ་བླངས་བ་ན,གང་གི་,OUTLIER/
c243872698d8436196553533522b4e6b,ད་དུ་རྩ་བ་དང་འབྲས་བུ,ཟ་བར་,ཟ་བར་,ཟ་བ་,ཟ་བར་,གྱུར་ལ། སེམས་ཅན་རྣམས,ཟ་བར་,OUTLIER/
f28ca5ac3b6a4c50accd62a558bb5e26,པར། །ཁྲོས་པས་སེམས་ཅན,བརྡེགས་པ་,བརྡེགས་པ་,བརྡེག་པ་,བརྡེག་པ་,དང་། །ཉོན་མོངས་པ་དང་,བརྡེགས་པ་,SIMILAR/
cdbc6cb5c16a49dbaa1cd5f76408b4d7,་གྱུར་པ། དགེ་སྦྱོང་མ,ཡིན་པ་,ཡིན་པ་,ཡིན་,ཡིན་,ལ་དགེ་སྦྱོང་དུ་ཁས་འཆ,ཡིན་པ་,ALTERNATIVE/
804ccf01684f481aa7527e9a50a83db6,ཏེར་དག་གི་བར་སྟོན་པ་,དང་,དང་,དག་,དང་,དགེ་བའི་བཤེས་གཉེན་ཡི,དང་,OUTLIER/
677ff0fb5fe54ed78b495296146934ce,ྤུ་བྲེགས་ཏེ་གོས་ངུར་,སྨྲིག་,སྨྲིག་,སྨིག་,སྨྲིག་,བགོས་པ་དང་སྤྱོད་ལམ་བ,སྨྲིག་,OUTLIER/
4866c1997be345ef92cc6da275bd75ec,ས་སོ། །ཡང་དེ་ཉིད་ལས།, ངའི་, ངའི་,དེའི་, ངའི་,ཕྱིར་རབ་ཏུ་བྱུང་བ་སྣ, ངའི་,OUTLIER/
fa56f496e48f495680e42e22b3668b15,ས་བྱ་བའི་བྱ་ནི་གང་དག,གླད་པ་,གླད་པ་,ཀླད་པ་,ཀླད་པ་,བརྟོལ་ནས་རབ་ཏུ་འབར་ཞ,གླད་པ་,SIMILAR/
5b203148a00f46ecbbacce53299644d4,མའི་ནང་སྤྲི་ཟ་བ་དང་།, སྒལ་, སྒལ་,རྒལ་, སྒལ་,ཚིགས་ལ་དགའ་བ་ཞེས་བྱ་, སྒལ་,OUTLIER/
8b824b199c724c77b59e2373093b8ef5,་ཕྱོགས་སུ་རྒྱུག་སྟེ།,ས་ཕྱོགས་,ས་ཕྱོགས་,ཕྱོགས་,ཕྱོགས་,དེར་ཡང་འཁོར་ལོ་རྡོ་ར,ས་ཕྱོགས་,SIMILAR/
191989e755c34311808f3958db22cc1a,ན་ཏེ། ལས་ཀྱི་དབང་དང་,བརྫུན་,བརྫུན་,རྫུན་,རྫུན་,དུ་སྨྲ་བ་དེའི་འབྲས་བ,བརྫུན་,ALTERNATIVE/
0e08a17877d64a3c811cbfac7fde61da,་རྣོན་འཕངས་གྱུར་པས། ,དེ་ཡི་,དེ་ཡི་,དེ་ཡི་,དེ་ཡིས་,འབྲས་བུ་འདི་འོངས་སོ།,དེ་ཡི་,OUTLIER/
17a003311b9146bcbaa27f7c24ff74ac,། །གང་དག་བདེན་པར་མི་,སྨྲ་,སྨྲ་,སྨ་,སྨྲ་,ཞིང་། །ཁ་ཏོན་ལྷུར་ལེ,སྨྲ་,OUTLIER/
8965b5744e16426cb6d978c328337074,་བརྒྱུག་གོ། །སེམས་ཅན,དམྱལ་བ་,དམྱལ་བ་,དམྱལ་བ་པ་,དམྱལ་བ་པ་,དེས་ནོར་གང་མཐོང་བ་དེ,དམྱལ་བ་,SIMILAR/
0076071dc1dc4d49a44e1ce16757eead,་དེ་དག་གིས་དེ་འཇིགས་,སྐྲག་,སྐྲག་,སྐྲགས་,སྐྲག་,ནས་གར་བབ་བབ་ཏུ་བྲོས་,སྐྲག་,OUTLIER/
0fbc0225f7e34affad84f85113c3e37d,གླད་པ་ལ་ཟ་བ་ནས་སྦྲུལ,མཆེ་བ་,མཆེ་བ་,ཆེ་བ་,མཆེ་བ་,གདུག་པ་རྣམས་ཀྱིས་རྩི,མཆེ་བ་,OUTLIER/
56d17b7178b044468b71ac6f36fe0d4c,་ལྟར་འདི་ཉིད་ལས། མེ་,ཐབ་,ཐབ་,ཐབས་,ཐབ་,ཅེས་བྱ་བའི་སེམས་ཅན་ད,ཐབ་,OUTLIER/
12ab0f354cd742f9a374bb214cebff13,ད་ལ་བྱེད་པས་འཕངས་པའི,བློས་ཁུ་བ་འཆོར་,བློས་ཁུ་བ་འཆོར་,བློས་ཁུ་བ་འཆོར་,བློ་ཁུ་བ་ཆོར་,པར་འགྱུར་རོ། །དེ་བཞི,བློས་ཁུ་བ་འཆོར་,OUTLIER/
64f9db66d56a418598e2fd830869c139,ར་གྱིས་ཀྱང་སྲེག་ཅིང་,འཚིག་,འཚིག་,འཚིག་,ཚིག་,གོ་ཞེས་བྱ་བ་ལ་སོགས་པ,འཚིག་,OUTLIER/
9281bdc7ebec41feaeeff75794c6bd47,་བུ་མོ་འདོད་པའི་ཕྱིར,ཚངས་པར་,ཚངས་པར་,ཚངས་པ་,ཚངས་པར་,སྤྱོད་པ་ཡོངས་སུ་བསྔོ,ཚངས་པར་,OUTLIER/
b82db36d4ec140d4aedd27c23266368a,། །བླ་མ་རྣམས་ཀྱི་ཆུང,མ་ལ་,མ་ལ་,ལཾ་,མ་ལ་,བྱས་པ་ཡང་དེ་བཞིན་ནོ།,མ་ལ་,SANSKRIT/OUTLIER/
1b843ed897dc425fbdb4fb82aa52ea06,ས་ནི་རོ་མྱང་བ་ཆུང་བ་,སྟེ,སྟེ,ནི,སྟེ,། བཅོམ་ལྡན་འདས་ཀྱིས་,སྟེ,OUTLIER/
89c389890b1f41feab7b3844050fa2d3,ྲིན་བུའི་ཚོགས་གནས་པ།,སེམས་ཅན་རྣམས་,སེམས་ཅན་རྣམས་,སེམས་ཅན་,སེམས་ཅན་རྣམས་,ལ་གནོད་པ། ཉོན་མོངས་པ,སེམས་ཅན་རྣམས་,OUTLIER/
1b530f1f7e1b4025965fb35d9f8fc780,གཡེམ་པ་སྤང་བར་བྱ་སྟེ, བདག་གི་, བདག་གི་, བདག་གིས་, བདག་གི་,ཆུང་མས་ཆོག་པར་འཛིན་པ, བདག་གི་,OUTLIER/
65338776c62a40cca4573c5abef88c58,་ཡང་ཉོན་མོངས་པའི་དབང,དུ་གྱུར་པས་,དུ་གྱུར་པས་,འགྱུར་བས་,དུ་གྱུར་པས་,ན། དེས་རང་གི་ཆུང་མ་ལ,དུ་གྱུར་པས་,OUTLIER/
f5300c21f3ed4a81a653b9389fe0c0c3,གིས་སྐྱེ་བོ་ཕལ་པོ་ཆེ,བརྒྱུག་པ་,བརྒྱུག་པ་,རྒྱུག་པ་,བརྒྱུག་པ་,དེ་མཐོང་མ་ཐག་ཏུ། དེའ,བརྒྱུག་པ་,OUTLIER/
0b7860e570a8436c9aab1f049477cbf4,ཆགས་སེམས་ཀྱིས་དེ་མ་,བསྒྲུབས,བསྒྲུབས,བསྒྲུབས,སྒྲུབས,། །འདི་ནི་སྦྱིན་དང་ད,བསྒྲུབས,OUTLIER/
0bf67aa597e44af5939451ff10c03528,ྕེ་མེད་པ་དང་གྱོལ་དང་,ཞར་,ཞར་,ཞིར་,ཞར་,བར་འགྱུར། །གང་དག་སྨད,ཞར་,OUTLIER/
9b48337fa08940fd936e83280d105b40,ུབ། །དུ་བས་བདུག་ཅིང་,བཅིང་,བཅིང་,གཅིང་,བཅིང་,དང་བརྡེག་པ་དང་། །བསྡ,བཅིང་,OUTLIER/
e888cdafd3fe49faa977e656a652c854,་དེ་བཞིན་རྨོངས། །ངན་,སྐྱུགས་,སྐྱུགས་,སྐྱུགས་,སྐྱུག་,གནས་ལ་བྱ་ཁྭ་བཞིན། །ང,སྐྱུགས་,OUTLIER/
7b68c5fffcdb4a73bdc80f164bd235d0,ས་པའི་མི་དེ་ཞུམ་ཞིང་,སྲོ་,སྲོ་,སྤྲོ་,སྲོ་,ཤི་ལ་དེའི་གདོང་དུ་བལ,སྲོ་,OUTLIER/
1a5bdcea45d54dae8393146f10f8796b,ག །སྔངས་ཤིང་སྐྲག་པར་,གྱུར་,གྱུར་,གྱུར་,འགྱུར་,ཀྱང་ནི། །ངན་སྐྱུགས་མ,གྱུར་,OUTLIER/
6032072242884be4b3f53b81f9a33b13,་ཆུབ་རབ་མཆོག་དཀོན་མ་,ཡིན,ཡིན,ཡིན,ཡི,། །དལ་རྙེད་ཤེས་རབ་ལྡ,ཡིན,OUTLIER/
4a8a1be86d4044ff8c97307f665dbdb2,གས་ཀྱི་བུའམ་རིགས་ཀྱི,བུ་མོ་,བུ་མོ་,བུ་མོ་,བུ་,གང་གཞན་ཞིག་གིས་བྱང་ཆ,བུ་མོ་,OUTLIER/
6175192bb0c6410284a9f50e023693ee,ྟ་སྟེ། དཔེར་ན་ནོར་བུ,རིན་པོ་ཆེ་,རིན་པོ་ཆེ་,རིན་པོ་,རིན་པོ་ཆེ་,རྡོ་རྗེ་ནི་རྡོ་རྗེ་ཉ,རིན་པོ་ཆེ་,OUTLIER/
8858713ae2ad4e38b54f68efa49d8b10,་ལ་ཞིག་གིས་མཆོད་རྟེན,གང་གཱའི་,གང་གཱའི་,གང་གཱའི་,གང་གའི་,ཀླུང་གི་བྱེ་མ་སྙེད་བ,གང་གཱའི་,SANSKRIT/OUTLIER/
1b5ae516ef254cd4b555a3b3a822f0bd,་སྡིག་པ་གྲངས་མེད་པར་,སྐྱེད་,སྐྱེད་,བསྐྱེད་,སྐྱེད་,དོ། །དེ་ཅིའི་ཕྱིར་ཞེ,སྐྱེད་,OUTLIER/
258429d97e10488a90b9dc5e794bb982,ཁམས་ཐམས་ཅད་ཀྱི་རྡུལ་,སྙེད་,སྙེད་,རྙེད་,སྙེད་,དག་ལ་བསྐལ་པ་གང་གཱའི་,སྙེད་,OUTLIER/
c1750fb12e0b4bbca66cdd1aed2d32df,ྷའི་གོས་རྣམས་སྦྱིན་པ,བྱིན་པ་,བྱིན་པ་,བྱིན་,བྱིན་པ་,བས་རིགས་ཀྱི་བུའམ་རིག,བྱིན་པ་,OUTLIER/
b83a88539467453386e8677b906dc942,ས་ཕྱུག་པ་གྲོལ་བ་དང་།,རིགས་པའི་,རིགས་པའི་,རིག་པའི་,རིགས་པའི་,སྤོབས་པ་ཅན་དག་ལ་མཆོད,རིགས་པའི་,OUTLIER/
eecd2ece8b47447690f751dd4855c28e,ི་དུས་སུ་ཡང་དེ་བཞིན་,འབུལ་,འབུལ་,དབུལ་,དབུལ་,ཞིང་། རྣམ་གྲངས་འདིས་,འབུལ་,SIMILAR/
3645a5d63c434578a6c70c69a8fd9fcf,ཏུ་དགེ་བའི་བཤེས་གཉེན,རྣམས་དང་,རྣམས་དང་,རྣམས་,རྣམས་དང་,མི་འབྲལ་བར་འགྱུར་རོ།,རྣམས་དང་,OUTLIER/
7924a455400d43a685770d407a849844,ཆུབ་མངོན་པར་རྫོགས་པར,འཚང་རྒྱ་བར་,འཚང་རྒྱ་བར་,འཚང་བར་,འཚང་རྒྱ་བར་,འགྱུར་རོ། །དེ་ནས་ལྷའ,འཚང་རྒྱ་བར་,OUTLIER/
2793687a35d04461b25b9dcf424f1d35,ོར་དང་བཅས་པ་ནས་ཤ་ཟའི,དབང་པོའི་,དབང་པོའི་,དབང་པོ་,དབང་པོའི་,བར་དུ་འཁོར་དང་བཅས་པ་,དབང་པོའི་,OUTLIER/
b33e3cbbb860458b83b765e28637e9da,ངས་སུ་འཛིན་ཏོ། །ཕྲག་,དོག་,དོག་,དོག་,དོགས་,གིས་གླེང་ན་བྱང་ཆུབ་ད,དོག་,OUTLIER/
f4ac711d941f4b6c8a073120b69faaf4,ུབ་ཀྱི་སྐལ་བ་ཅན་ལ་ཡང,བརྙས་པ་,བརྙས་པ་,བསྙས་པ་,བརྙས་པ་,བཀག་ན་བྱང་ཆུབ་ཏུ་སེམ,བརྙས་པ་,OUTLIER/
7c40e1fbfee142c98ce5de79c56d2fdc,ཏུ་སེམས་བསྐྱེད་པ་ལྟ་,སྨོས་,སྨོས་,མོས་,སྨོས་,ཀྱང་ཅི་དགོས། དཔའ་བར་,སྨོས་,OUTLIER/
e87bf312b2d0475387b5311ff81853d1,་ཆེན་པོ་ལ་མོས་པ་ཡིན་,ནོ,ནོ,ནོ,དོགས,། དེ་ལ་དེ་བཞིན་གཤེགས,ནོ,OUTLIER/
3ab2869c1ff44c09bcea15d4830574ad,ཟག་གིས་གང་ཟག་ལ་དྲོད་,བཟུང་,བཟུང་,བསྙས་,བཟུང་,ན་སྨས་པར་འགྱུར་བར་ཤེ,བཟུང་,OUTLIER/
a41e506e05134ef188250cbe81581533,ཤེས་པར་གྱིས་ཤིག་ཅེས་,ཁྱོད་,ཁྱོད་,མོས་,ཁྱོད་,ལ་དེ་ལྟ་བུའི་ཆོས་བསྟ,ཁྱོད་,OUTLIER/
ad3e4a36af5a4bbba13f5f94e5d31803,པའི་མཚན་མ་ཡོད་པ་དེ་ལ,བརྙས་པ་,བརྙས་པ་,བརྙེས་པ་,བརྙས་པ་,ཤིན་ཏུ་བསྲུང་བར་བྱ་ས,བརྙས་པ་,OUTLIER/
f9cd8f691fdd486a8ce6342b803cc81e,ུ་སྲ་བ་ཡུ་བ་སྐམ་ས་ལ་,བཏགས་,བཏགས་,གཏགས་,བཏགས་,པས་བརྟོད་པ་ཞེས་བརྗོད,བཏགས་,OUTLIER/
7e87a3c077f144bd8cfe5168030c2235,ང་གསར་བུ་འཕགས་པ་ནོར་,བཟངས་,བཟངས་,བཟངས་,བཟང་,ལ་ལུས་ཐམས་ཅད་ཀྱིས་གཏ,བཟངས་,OUTLIER/
415a38e4c76b4bbe8c1c8f01fc29bc58,་འགྱུར་བའི་ཕྱིར་རོ། ,འཕགས་པ་,འཕགས་པ་,འཕགས་པར་,འཕགས་པ་,རྣམ་པར་འཐག་པ་ཐམས་ཅད་,འཕགས་པ་,OUTLIER/
75ae53ff94524828bd9dd5612302fd75,ཆོས་སྨྲས་པ་ལ་འདི་ནི,འདི་འདྲའོ་,འདི་འདྲའོ་,འདྲའོ་,འདི་འདྲའོ་,ཞེས་སེམས་སམ་སྨྲ་ན་ཐམ,འདི་འདྲའོ་,OUTLIER/
5f3bdedf6694475183a7dbe8c35b59b5,མས་དཔའ་རྣམས་ཀྱིས་བྱང,ཆུབ་ཀྱི་,ཆུབ་ཀྱི་,ཆུབ་ཀྱིས་,ཆུབ་ཀྱི་,ཕྱིར་ཕ་རོལ་ཏུ་ཕྱིན་པ,ཆུབ་ཀྱི་,OUTLIER/
f1fe1bda920e4374b7870a0e7df37799,ོམ་ལྡན་འདས་གལ་ཏེ་བདག,ཅག་གིས་,ཅག་གིས་,ཅག་གི་,ཅག་གིས་,དེང་སླན་ཆད་ཉན་ཐོས་ཀྱ,ཅག་གིས་,OUTLIER/
a0235d9075364868acfe570e3ed96607,ེང་སླན་ཆད་ཉན་ཐོས་ཀྱི,ཐེག་པ་པའམ་,ཐེག་པ་པའམ་,ཐེག་པའམ་,ཐེག་པ་པའམ་,རང་སངས་རྒྱས་ཀྱི་ཐེག་,ཐེག་པ་པའམ་,OUTLIER/
7356609b06bd4cc9b8c0a2bdfe00e724,ཉན་ཐོས་ཀྱི་ཐེག་པ་པའམ,རང་སངས་,རང་སངས་,སངས་,རང་སངས་,རྒྱས་ཀྱི་ཐེག་པ་པའི་ག,རང་སངས་,OUTLIER/
b3fc7001d1264d1c86eb340bf05f8979,ུ་མོ་གང་ལས་ཀྱི་སྒྲིབ,པ་སྤང་,པ་སྤང་,སྤང་,པ་སྤང་,བར་འདོད་པས། ཇི་ལྟར་ར,པ་སྤང་,OUTLIER/
0082f384470a45d2ac81acf33815f654,ག་དང་། །ཁྱོད་ནི་སྟེན,པར་མ་,པར་མ་,པར་མི་,པར་མ་,བྱེད་ཅིག །སྨྲ་བ་དང་ན,པར་མ་,OUTLIER/
266acf59944246aaa2be424e44617e20,བདག་ངན་འགྲོར་ལྟུང་བས,འཇིགས་པ་,འཇིགས་པ་,འཇིགས་པ་,འཇིག་པ་,ལས་བསྲུང་བ་དང་ཚེ་འདི,འཇིགས་པ་,OUTLIER/
6e8665452a3e4abfb6399e84c7a47ad8,།དག་པའི་སྙིང་པོ་དྲི་,བསུང་,བསུང་,བསྲུང་,བསུང་,མུན་སེལ་བ། །བྱམས་པའི,བསུང་,OUTLIER/
72ad4d02cdcd4af2b5501b840a6de1be,ུར། །བྱང་ཆུབ་སེམས་ནི,མེད་མེར་,མེད་མེར་,མར་མེར་,མེད་མེར་,སྙིང་རྗེ་སྐད། །བྱམས་,མེད་མེར་,OUTLIER/
e5898f977c3140bf9eb2464df6fa5fbb,རྡོས་པ་མི་གཡོ་བསམ་པ་,མཁྲེགས,མཁྲེགས,མཁྲེགས,འཁྲེགས,། །བྱང་ཆུབ་ཡན་ལག་མཐར,མཁྲེགས,OUTLIER/
afac09a25b3d4ad99c0488610c2d6f29,ྱི་མ་ལྔ་བརྒྱ་པ་ཐ་མ་ལ,དམ་པའི་ཆོས་,དམ་པའི་ཆོས་,དམ་ཆོས་,དམ་པའི་ཆོས་,རྣམ་པར་འཇིག་པའི་ཚེ། ,དམ་པའི་ཆོས་,OUTLIER/
e1bb4734a54d488eb8fdc40bb5dbbaf3,་སྤང་བ་དང་རྙེད་པ་དང་,བཀུར་,བཀུར་,བསྐུར་,བཀུར་,སྟིའི་ཉེས་པ་མཐོང་བར་,བཀུར་,OUTLIER/
62b87946e8d54eaa9030c6e6400ede3a,ནི་གཏི་མུག་བསྐྱེད་པར,བརྟག་པར་,བརྟག་པར་,བརྟག་པ་,བརྟག་པར་,བྱའོ། །རྙེད་པ་དང་བཀུ,བརྟག་པར་,OUTLIER/
f5866e4b22cd4f50afc5ae99cd290a81,པར་བྱའོ། །རྙེད་པ་དང་,བཀུར་,བཀུར་,བསྐུར་,བཀུར་,སྟི་ནི་ང་རྒྱལ་དང་རྒ,བཀུར་,OUTLIER/
bac5cf76e46e4afba8fbb9b79ea1adb2,ུ་བསྲུང་བར་འོས་པ་ཡིན, ངན་འགྲོ་, ངན་འགྲོ་, ངན་འགྲོ་, ངན་འགྲོར་,ལོག་པར་ལྟུང་བ་ཐམས་ཅད, ངན་འགྲོ་,OUTLIER/
0e331f6a347c4c229e41e780e0347b1c,པ་ལ་སྐྱོ་བར་འགྱུར། །,རིགས་,རིགས་,རིས་,རིགས་,མིན་སྨྲ་དང་དམ་པ་མ་ཡི,རིགས་,OUTLIER/
1dd5aa0e74764acbb5cee0a0678818c7,སྟེ། །དགེ་སློང་དམན་ལ,བརྙས་པར་ཡོང་,བརྙས་པར་ཡོང་,བསྙས་པར་ཡོངས་,བརྙས་པར་ཡོང་,མི་བྱ། །བསྐལ་པ་གཅིག་,བརྙས་པར་ཡོང་,OUTLIER/
813398a9b0434881a94dca878d6c636b,མི་འགྱུར་ཏེ། །རྣམ་པར,འབྱེད་པའི་,འབྱེད་པའི་,འགྱེད་པའི་,འབྱེད་པའི་,སྨྲ་བ་རྣམས་ལ་ཆགས། །བ,འབྱེད་པའི་,OUTLIER/
7ca7e7a5d4484dce97b0cd37526cd999,་ཅིང་རྣམ་པར་འགྱུར། །,སྤྲེའུ་,སྤྲེའུ་,སྤྲེ་,སྤྲེ་,ལྟར་དེ་ཡི་སེམས་ནི་གཡ,སྤྲེའུ་,ALTERNATIVE/
21dc96f4e54c4889a96536ead62660f6,བས་བསྟེན་པ་ཡི། །ངུར་,སྨྲིག་,སྨྲིག་,སྨིག་,སྨྲིག་,གོས་དག་དད་པས་བླངས་ནས,སྨྲིག་,OUTLIER/
66d09d95bd874588b941d1a998b31659,པ་ལ་མི་བལྟ་བ་དང་། ཅང,མི་སྨྲ་བ་,མི་སྨྲ་བ་,མི་སྨྲ་,མི་སྨྲ་བ་,ལ་དགའ་བ་དང་། ཤེས་རབ་,མི་སྨྲ་བ་,OUTLIER/
2aef4ca67dbc48d9831e617d7e4c620f,་པ་བསྐྱོད་པ་དང་རྐང་པ,བསྐྱོད་པ་,བསྐྱོད་པ་,སྐྱོད་པ་,བསྐྱོད་པ་,དང་ཀུན་དུ་རྒྱུག་པ་ད,བསྐྱོད་པ་,OUTLIER/
033224d1b3f747a69ef795248ed4eeef,ངན་ལེན་ཞེས་བྱའོ་ཞེས་,བསྟན་,བསྟན་,བྱ་སྟན་,བསྟན་,ཏོ། །འཕགས་པ་ཆོས་ཡང་ད,བསྟན་,OUTLIER/
a4353fac7dda41d7bf8d42f8586004f1,་མི་མཛེས་པར་འགྱུར་བ་,བསྡམས་,བསྡམས་,སྡམས་,བསྡམས་,པའི་དྲན་པ་དང་། ཉན་པ་,བསྡམས་,OUTLIER/
80b38ff80930431da369ede265f89258,སྟེ། དེ་ལྟར་དྲན་པ་དེ,དག་གིས་,དག་གིས་,དག་གིས་,དག་གི་,འབྲས་བུ་མེད་པའི་སྤྱོ,དག་གིས་,OUTLIER/
1b356970d1c544418178346f98b9353d,་བ་དང་འཇིག་རྟེན་པ་དང,འཇིག་རྟེན་,འཇིག་རྟེན་,འཇིག་རྟེན་པ་,འཇིག་རྟེན་,ལས་འདས་པའི་བདེ་བ་ཕུན,འཇིག་རྟེན་,OUTLIER/
105dac75312642b2b16a2946d51260ec,ར་བའི་ཁྱིམ་གྱི་ནང་དུ,ཆུད་པ་,ཆུད་པ་,ཆུད་པ་,ཆུད་པར་,ཆུ་བསིལ་བ་འདོད་པ་བཞི,ཆུད་པ་,OUTLIER/
9c1dee1ec8914b289e407a42707248d6,། ཚིག་མི་འཆལ་བ་དང་མི,འཕྱར་བ་,འཕྱར་བ་,འབྱར་བ་,འཕྱར་བ་,དང་མི་རྒོད་པ་དང་མི་ག,འཕྱར་བ་,OUTLIER/
1443b633f9ab4a5aab6724a571827fd5,་པ་དང་། དྲན་པ་གང་གིས,ལམ་གོལ་བ་,ལམ་གོལ་བ་,ལམ་ལོག་པ་,ལམ་ལོག་པ་,དང་ལམ་ངན་པར་མི་འགྲོ་,ལམ་གོལ་བ་,SIMILAR/
4762717427884f9d925fab49697e1226,མི་འགྲོ་བ་དང་། དྲན་པ,སྒོ་བ་,སྒོ་བ་,སྒོ་བ་,བསྒོ་བ་,ལྟ་བུ་གང་གིས་སེམས་དང,སྒོ་བ་,OUTLIER/
c38aea10d32d4e7fb3a578b1a7f13e01,། །དེའི་ལུས་ཇི་ལྟ་ཇི,ལྟ་བུར་,ལྟ་བུར་,ལྟ་བུ་,ལྟ་བུར་,གནས་པར་གྱུར་བ་དེ་ལྟ་,ལྟ་བུར་,OUTLIER/
81f47b32a812494a8b65af5105f22486,ྟེ་སེམས་ཡོངས་སུ་ཤེས་,ན་,ན་,ན་,ནི་,ཆོས་ཐམས་ཅད་ཡོངས་སུ་ཤ,ན་,OUTLIER/
e5b9bcb925fe4e6dbe786fdbae989d61,སགས་པ་ཡིན། །སེམས་ནི་,མགལ་,མགལ་,མགལ་,འགལ་,མེ་བཞིན་དུ་འཁོར། །སེ,མགལ་,OUTLIER/
fac6e59e13cd4897855e46dd1b8b3836,་། བྱང་ཆུབ་སེམས་དཔའི,སྤྱོད་པ་,སྤྱོད་པ་,སྤྱད་པ་,སྤྱོད་པ་,ཐམས་ཅད་ནི་རང་གི་སེམས,སྤྱོད་པ་,OUTLIER/
6f36f39ed9154954975edf022933dcab,་དེ་ཚུལ་ཁྲིམས་སྲུང་བ,ཡིན་ནོ་,ཡིན་ནོ་,ཡིན་,ཡིན་ནོ་,ཞེས་བསྟན་ཏོ། །ཚུལ་འད,ཡིན་ནོ་,OUTLIER/
07b9dfe04ce347ebb6af6c34f17ce579,ས་དྲན་པ་ཉེ་བར་གཞག་པ་,ལས་,ལས་,ལས་,ལ་,ཀྱང་། ལྐོག་ཏུ་ལྷག་མར,ལས་,OUTLIER/
dd387a66040b4c0a8afbc31f6a082be3,བསྟན་པའི་ཕྱིར་ཚངས་པ་,མཚུངས་,མཚུངས་,ཚུངས་,མཚུངས་,པར་སྤྱོད་པའི་ཆེད་དུ་,མཚུངས་,OUTLIER/
75c2f15b373c4042b9050df6070f2c2a,མཚོས་ཞུས་པའི་མདོ་ལས།, ཚིག་, ཚིག་,ཚིགས་, ཚིག་,ཞུམ་པ་མེད་པ་ཡིན། ཚིག, ཚིག་,OUTLIER/
002cc7cbce004f129131bec12c797a8f,། ངག་གང་དག་ཡིད་དུ་མི,འོང་བས་,འོང་བས་,འོངས་པས་,འོང་བས་,སྙིང་ན་བར་བྱེད་ཅིང་།,འོང་བས་,OUTLIER/
136a43b63424456abeb6f30f69d97bf3,ིག་བརྗོད་དེ། དེ་ཐ་ན་,བཞད་,བཞད་,གཞད་,བཞད་,གད་དུ་བྱ་བའི་ཚིག་ཡོང,བཞད་,OUTLIER/
c0e1fc3a87354c1599c1ac8206474593,་ཏུ་གཟུང་བར་བྱ། །ཞེས,བྱ་བའོ,བྱ་བའོ,བྱའོ,བྱ་བའོ,། །ཅི་བདག་བསྲུང་བ་འད,བྱ་བའོ,OUTLIER/
35f00192355447e3a98240d59f9f9368,་དེ་ལས་ཆ་གཅིག་ནི་ཚངས,པ་མཚུངས་,པ་མཚུངས་,པས་ན་ཚུངས་,པ་མཚུངས་,པར་སྤྱོད་པ་རྣམས་ཀྱི་,པ་མཚུངས་,OUTLIER/
4e2cecb889784eb2b5d832cf9a39433b,ལ་སྦྱིན་པར་ངེས་པ་མེད,དེ་དེ་དག་,དེ་དེ་དག་,དེ་དག་,དེ་དེ་དག་,བདག་ལ་སེམས་པ་ཡང་ངོ་མ,དེ་དེ་དག་,OUTLIER/
2bb18e383c7a441984ba59534a923e61,་བྱ་དགོས་པའི་སེམས་ཅན,དབུལ་པོ་སུ་,དབུལ་པོ་སུ་,དེ་བུལ་བསུ་,དབུལ་པོ་སུ་,ཡོད་སྙམ་དུ་ཕྱོགས་བཞི,དབུལ་པོ་སུ་,OUTLIER/
727b0cdb1cb746cfbe4b2d8c71213b7d,་བར་གནས་པར་གྱུར་ཅིག ,ད་ལྟ་,ད་ལྟ་,དེ་ལྟ་,ད་ལྟ་,ནི་འདི་དག་ཟང་ཟིང་གིས,ད་ལྟ་,OUTLIER/
1c7a845231e749d29498d173426a6906,ྦྱིན་པ་བྱིན་པ་འདི་ལ་,ཟོ་,ཟོ་,ཟོ་,བཟོ་,ཞིག་སྙམ་དུ་སེམས་བསྐྱ,ཟོ་,OUTLIER/
b86e4c96ba844fdc975b951d47d42650,ང་སེམས་གཙང་མར་བྱའི་ཁ,ཟས་ཀྱིས་,ཟས་ཀྱིས་,ཟས་ཀྱི་,ཟས་ཀྱིས་,ལུས་གཙང་མར་ནི་མི་བྱའ,ཟས་ཀྱིས་,OUTLIER/
7cb827d2e5b14e21af09e65a4fed5697,ོད་སྙོམས་སྟེར་གྱི་བུ,མོ་ནི་མ་,མོ་ནི་མ་,མོ་མ་,མོ་ནི་མ་,ཡིན་ནོ་ཞེའམ། བདག་ལ་བ,མོ་ནི་མ་,OUTLIER/
b67cd3def55c4384a63b7d5c787be380,པར་ནི་མ་ཡིན་ནོ་ཞེའམ།, བདག་, བདག་,དག་, བདག་,གིས་བདེ་བླག་ཏུ་རྙེད་, བདག་,OUTLIER/
31d34812abc04fd884fc2562244d5fb6,་རོ་སྣ་ཚོགས་དང་ལྡན་པ,རྙེད་པར་,རྙེད་པར་,སྙེད་པར་,རྙེད་པར་,འགྱུར་གྱི་དབུལ་པོའི་,རྙེད་པར་,OUTLIER/
0233c094fa1746f992b90a1a6ccaea84,ློང་གིས་རོ་ལ་སྲེད་པ་,ཟློག་,ཟློག་,ཟློག་,བཟློག་,སྟེ། སེམས་ངེས་པར་སེམ,ཟློག་,OUTLIER/
018f381228fb468684d33865940e26a4,ད་པ་ལ་གནས་ནས་ཞག་གཉིས,སམ་ཞག་,སམ་ཞག་,སམ་ཞིག་,སམ་ཞག་,གསུམ་ཞིག་ཟན་ཆད་ན། འད,སམ་ཞག་,OUTLIER/
643841db3c5e41c4a5b6118fc74f7dff, ལུས་ཉམ་ཆུང་བའམ་སེམས,ཉམ་ཆུང་བ་,ཉམ་ཆུང་བ་,ཉམ་ཆུང་,ཉམ་ཆུང་,བསྐྱེད་པར་མི་བྱ་སྟེ།,ཉམ་ཆུང་བ་,SIMILAR/
e3ca69d42a1743ac92f0e6459ad154b9,བསྐྱེད་པར་མི་བྱ་སྟེ།,བཀྲེས་པ་,བཀྲེས་པ་,དཀྲེས་པ་,བཀྲེས་པ་,དང་སྐོམ་པས་ཇི་མི་སྙ,བཀྲེས་པ་,OUTLIER/
274f87cb757f4c91b2245872f766d1af,སྔོན་འདི་ལྟ་བུ་དང་མ་,འགྲངས་,འགྲངས་,འདྲངས་,འདྲངས་,པར་མ་ཟོས་སོ། །བདག་གི,འགྲངས་,ALTERNATIVE/
4ba13beaccb14b039380b6b9986d9015,ུང་ཞིག་ཟོས་ཏེ་བདག་མ་,འགྲངས་,འགྲངས་,འདྲངས་,འདྲངས་,པས་བདག་གི་ལུས་ཉམ་ཆུང,འགྲངས་,ALTERNATIVE/
70c8b789a98143a0836294827f1cde9b, །ཤ་རྣམས་དང་ནི་སྒོག་,བཙོང་,བཙོང་,བརྩོང་,བཙོང་,དང་། །ཆང་དག་རྣམ་པ་སྣ,བཙོང་,OUTLIER/
158b06a9d52d4bb1a2bf28bca721943d,སྨེ་ཤ་ཅན་རིགས་དང་། །,བཙོ་,བཙོ་,བཙོ་,གཙོ་,བླག་མཁན་དུ་ཡང་ཡང་སྐྱ,བཙོ་,OUTLIER/
4390d297b80c430784e721c37022c2ed,་། །ཉན་ཐོས་རྣམས་ཀྱིས,སྨད་པ་,སྨད་པ་,སྨྲས་པ་,སྨད་པ་,ལ། །ངོ་མི་ཚ་བར་ཟ་བ་ན,སྨད་པ་,OUTLIER/
103821f3b251452a830012c8f9f7f472,་འགྱུར། །མཐོང་དང་ཐོས,དང་དོགས་,དང་དོགས་,དང་ཞེས་,དང་དོགས་,པ་ཡིས། །ཤ་རྣམས་ཐམས་ཅ,དང་དོགས་,OUTLIER/
1e6ae37178b8494eb0c0da50c2b28954,ཀྱིས་མངོན་པའི་ང་རྒྱལ,བསལ་བ་,བསལ་བ་,གསལ་བ་,བསལ་བ་,དང་། སྐལ་བ་ཡོད་ཀྱང་,བསལ་བ་,OUTLIER/
1cea9ab59877402f8109c6a72b1207d0,་མི་རུང་སྟེ། གཞན་ཟ་བ,མཐོང་ན་,མཐོང་ན་,མཐོང་གསལ་,མཐོང་ན་,ཡང་ཁོང་ཁྲོ་བའི་སེམས་,མཐོང་ན་,OUTLIER/
a9607d68df0142219e75e2c1e9e4780e,ན་དུ་ཉོན་མོངས་པ་རྣམས,སྤོང་བར་,སྤོང་བར་,སྤང་བར་,སྤོང་བར་,འདོད་པ་སྟེ་དེ་ལྟར་བྱ,སྤོང་བར་,OUTLIER/
02a576b4e8bc401792ff22fc32498148,ི་བརྗོད་པར་བྱའོ། །ན་,མ་,མ་,མཿ་,མཿ་,སརྦ་བུད་དྷ་བོ་དྷི་ས་,མ་,SANSKRIT/
05db64c5807e40a09ece11c02505eddd,ས་ཏྭཱ་ནཱཾ། ཨོཾ་བི་ར་,ཛི་,ཛི་,ཛཱི་,ཛཱི་,བི་ར་ཛི། མ་ཧཱ་བཛྲི། ,ཛི་,SANSKRIT/
3628d993fb0e4c8f9abbf4c5e0ad8583,ཾ། ཨོཾ་བི་ར་ཛི་བི་ར་,ཛི,ཛི,ཛཱི,ཛཱི,། མ་ཧཱ་བཛྲི། ས་ཏ་ས་ཏ,ཛི,SANSKRIT/
9e46cf46d20b4fab83014492cae84c48,ི་ར་ཛི་བི་ར་ཛི། མ་ཧཱ,བཛྲི། ས་ཏ་ས་,བཛྲི། ས་ཏ་ས་,བི་ར་ཛཱི་སཱ་ཏ་སཱ་,བི་ར་ཛཱི་སཱ་ཏ་སཱ་,ཏ། སཱ་ར་ཏེ་སཱ་ར་ཏེ། ,བཛྲི། ས་ཏ་ས་,SANSKRIT/
a3ec72bc68494c1891099bdf5f66bfa8,་ཏ། སཱ་ར་ཏེ་སཱ་ར་ཏེ།,ཏྲ་ཡི་ཏྲ་,ཏྲ་ཡི་ཏྲ་,ཏྲཱ་ཡི་ཏྲཱ་,ཏྲཱ་ཡི་ཏྲཱ་,ཡི། བི་དྷ་མ་ནི། སཾ་བ,ཏྲ་ཡི་ཏྲ་,SANSKRIT/
37a66047057a4cf5a5eea0dc2ba3f7f7,ཏྲ་ཡི་ཏྲ་ཡི། བི་དྷ་མ,ནི། སཾ་བྷཉྫ་ནི། ཧ་ར་མ་,ནི། སཾ་བྷཉྫ་ནི། ཧ་ར་མ་,ཧཱ་ཏཱི། སམ་བྷན་ཛ་ནི་ཏརྨ་,ཧཱ་ཏཱི། སམ་བྷན་ཛ་ནི་ཏརྨ་,ཏི། སིད་དྷ་ཨ་གྲེ་ཏྲཾ,ནི། སཾ་བྷཉྫ་ནི། ཧ་ར་མ་,SANSKRIT/
aa1fec22464b4fd7be242e5b175c0edb,་མ་ཏི། སིད་དྷ་ཨ་གྲེ་,ཏྲཾ་,ཏྲཾ་,ཏྲཱྃ་,ཏྲཱཾ། ་,སྭཱ་ཧཱ། འདིས་དཀྱིལ་འ,ཏྲཾ་,SANSKRIT/OUTLIER/
4dde92aee5014648910d7624028b28fd,ྟི་དྷརྨ་ཏཱ་བ་ལི་ནཱཾ།,ཨཾ་ཨཿ,ཨཾ་ཨཿ,ཨ་,ཨ་,ས་མ་ས་མ། ས་མནྟ་ཏོ྅་ན,ཨཾ་ཨཿ,SANSKRIT/
7b17510fa12b4b9f8d1c95c313976fb6, ཨཾ་ཨཿས་མ་ས་མ། ས་མནྟ,ཏོ྅་ནནྟ་ཏཱ་,ཏོ྅་ནནྟ་ཏཱ་,ཏོ་ནནྟཱ་,ཏོ་ནནྟཱ་,བཱབྟི་ཤཱ་ས་ནི། ཧ་ར་ཧ,ཏོ྅་ནནྟ་ཏཱ་,SANSKRIT/
4be486f2486447f1a3985410b480b0ed,་ཏེ། ས་ར་ས་ར། ས་མ་བ་,ལཱ,ལཱ,ལ,ལ,།ཧ་ས་ཧ་ས། ཏྲ་ཡ་ཏྲ་ཡ།,ལཱ,SANSKRIT/
7be1ebd1a6134a7f8a2bbf2a56b18ce1,།ཧ་ས་ཧ་ས། ཏྲ་ཡ་ཏྲ་ཡ།,ག་ག་ན་,ག་ག་ན་,བྷ་ག་ཝན་,བྷ་ག་ཝན་,མ་ཧཱ་བ་ར་ལཀྵ་ཎེ། ཛྭ་,ག་ག་ན་,SANSKRIT/
3f6c31b7d6cc415bbd7f1eef76ba05cd,ག་ན་མ་ཧཱ་བ་ར་ལཀྵ་ཎེ།, ཛྭ་, ཛྭ་,ཛྲ་, ཛྭ་,ལ་ཛྭ་ལ་ན་སཱ་ག་རེ་སྭཱ, ཛྭ་,OUTLIER/
c0fc3d7e766b4f2ea50055c2695b031b,སེམས་མཉམ་པར་གཞག་སྟེ་,འབུལ་,འབུལ་,དབུལ་,དབུལ་,ཞིང་ཟླ་བ་ཕྱེད་སྦྱོར་,འབུལ་,SIMILAR/
d7ffb62197264ca795a29f66d50f8ee5,མ་ཚིག་གསུམ་གྱི་བཟླས་,བརྗོད་,བརྗོད་,རྗོད་,བརྗོད་,བྱེད་པས་ནི་ཁྲུས་མ་བྱ,བརྗོད་,OUTLIER/
c939c5b2f9b34b7aa97521abf7abe41f,ཱ་ནཱཾ། སརྦ་བཛྲ་དྷ་རཱ,ནཱཾ། ཨོཾ་ཙ་ཎ་ར་ལ་ཙ་ཎ་ར་ལ།བ་ལ་བ་,ནཱཾ། ཨོཾ་ཙ་ཎ་ར་ལ་ཙ་ཎ་ར་ལ།བ་ལ་བ་,ཎཱཾ། ཨོཾ་ཙཎྜ་ལཱ་ཙཎྜ་ལཱ། ཙ་ལ་ཙ་,ཎཱཾ། ཨོཾ་ཙཎྜ་ལཱ་ཙཎྜ་ལཱ། ཙ་ལ་ཙ་,ལ། བཛྲ་བཛྲ་ཤཱནྟ་ནེ་ཤ,ནཱཾ། ཨོཾ་ཙ་ཎ་ར་ལ་ཙ་ཎ་ར་ལ།བ་ལ་བ་,SANSKRIT/
9f54afd2445c4c7a897c6296fa3b9702,་ལ་བ་ལ། བཛྲ་བཛྲ་ཤཱནྟ,ནེ་ཤཱནྟ་ནེ,ནེ་ཤཱནྟ་ནེ,ནཱ་ཤཱནྟ་ནཱ,ནཱ་ཤཱནྟ་ནཱ,། ཕ་ལ་ན་ཕ་ལ་ན། བ་ར་བ,ནེ་ཤཱནྟ་ནེ,SANSKRIT/
e73d69842cab4d21a259323f52ccd612,བ་ར། མཱ་ར་མཱ་ར། བཛྲ་,དྷ་,དྷ་,ད་,ད་,ལ། སྥུ་ཊ་སྥུ་ཊ། ལ་ལི,དྷ་,SANSKRIT/
0b4bea1302d0436dae84d8c7e0a6e33a,མཱ་ར་མཱ་ར། བཛྲ་དྷ་ལ།,སྥུ་ཊ་སྥུ་,སྥུ་ཊ་སྥུ་,སྥོ་ཊ་སྥོ་,སྥོ་ཊ་ལ་སྥོ། ་,ཊ། ལ་ལི་ཏ་ཤི་ཁ་ར། ས་,སྥུ་ཊ་སྥུ་,SANSKRIT/OUTLIER/
b984fbb626c94d959515e4ecbeaa68ec,་ལི་ཏ་ཤི་ཁ་ར། ས་མནྟ་,བཛྲཱི་,བཛྲཱི་,བཛྲི་,བཛྲི་,ཎི། ཛྭ་ལ་ནེ་ཛྭ་ལ་ནེ།,བཛྲཱི་,SANSKRIT/
cbca4a655fd94026acec4f38c4178863,ཁ་ར། ས་མནྟ་བཛྲཱི་ཎི།, ཛྭ་, ཛྭ་,ཛྭཱ་, ཛྭ་,ལ་ནེ་ཛྭ་ལ་ནེ། ན་མོ་ས, ཛྭ་,SANSKRIT/OUTLIER/
630d80e8c1cd4e0a8d0866282630a5a5,ྟ་བཛྲཱི་ཎི། ཛྭ་ལ་ནེ་,ཛྭ་,ཛྭ་,ཛྭཱ་,ཛྭ་,ལ་ནེ། ན་མོ་སྟུ་སྟེ། ,ཛྭ་,SANSKRIT/OUTLIER/
94d4efe13ad84c3c987bfeb440297723,ཎི། ཛྭ་ལ་ནེ་ཛྭ་ལ་ནེ།,ན་མོ་སྟུ་སྟེ། ཨ་གྲོ྅གྲ་ཤཱ་སཱ་,ན་མོ་སྟུ་སྟེ། ཨ་གྲོ྅གྲ་ཤཱ་སཱ་,ས་མ་སྠ། ཨ་གྲེ་ཨ་གྲ་ཤ་ས་,ས་མ་སྠ། ཨ་གྲེ་ཨ་གྲ་ཤ་ས་,ཀཱ་ནཱཾ། ར་ཎ་ར་ཎ། ཧཱུ,ན་མོ་སྟུ་སྟེ། ཨ་གྲོ྅གྲ་ཤཱ་སཱ་,SANSKRIT/
93551065e7b044b1b86a3f1a2a3fca16,ོ྅གྲ་ཤཱ་སཱ་ཀཱ་ནཱཾ། ར,ཎ་ར་ཎ། ཧཱུཾ་ཧཱུཾ་སྥོ་ཊ་སྥོ་ཊ་བཛྲོཏྟ་,ཎ་ར་ཎ། ཧཱུཾ་ཧཱུཾ་སྥོ་ཊ་སྥོ་ཊ་བཛྲོཏྟ་,ཎཱཾ་ར་ཎཱཾ། ཧཱུཾ་ཕཊ། བཛྲ་ཨུ་ཏ་,ཎཱཾ་ར་ཎཱཾ། ཧཱུཾ་ཕཊ། བཛྲ་ཨུ་ཏ་,མེ་སྭཱ་ཧཱ། འདི་བཏོན་,ཎ་ར་ཎ། ཧཱུཾ་ཧཱུཾ་སྥོ་ཊ་སྥོ་ཊ་བཛྲོཏྟ་,SANSKRIT/
932541a5c0cf4221a21ab11a46a817e2,། ན་མཿས་མནྟ་བཛྲ་ཎཱཾ་,ཏྲཊ,ཏྲཊ,ཏྲཱཊ་,ཏྲཱཊ་,། ཨ་མོ་གྷ་ཙཎྜ། མ་ཧཱ་,ཏྲཊ,SANSKRIT/
efe09ba345924da38d9dc320194ddea3,ཏྲཊ། ཨ་མོ་གྷ་ཙཎྜ། མ་,ཧཱ་,ཧཱ་,ཧོ་,ཧོ་,རོ་ཥ་ཎ་སྥོ་ཊ་ཡ། ཧཱུཾ,ཧཱ་,SANSKRIT/
6235b11f82d7480f9631d7e3666d4a0b,་ཨོཾ་བ་ལནྡ་དེ་ཏེ་ཛོ་,མ་,མ་,མཱ་,མཱ་,ལི་ནི་སྭཱ་ཧཱ། འདིས་ཁ,མ་,SANSKRIT/
e3633d45aeed4bdbb1c0efdcec8e91c6,ནི་འདི་ལྟ་སྟེ། ཨི་ལི,མིཏྟེ། ཏི་ལི་མིཏྟེ,མིཏྟེ། ཏི་ལི་མིཏྟེ,མི་ད་ཏེ། ཨི་ལི་མི་ད་ཏེ,མི་ད་ཏེ། ཨི་ལི་མི་ད་ཏེ,། ཨི་ལི་མི་ལི་མིཏྟེ།,མིཏྟེ། ཏི་ལི་མིཏྟེ,SANSKRIT/
1d5cd9d846cf4e46bfaf727dde609622,ི་མི་ལི་མིཏྟེ། ཏི་ལི,མི་ལི་མིཏྟེ,མི་ལི་མིཏྟེ,ཏི་ལི་མིད་ཏེ,ཏི་ལི་མིད་ཏེ,། དུམ་བེ་དུམ་བེ། དུ་,མི་ལི་མིཏྟེ,SANSKRIT/
a5c1553560f1426687efd32fe381c878,ེ། དུམ་བེ་དུམ་བེ། དུ,བཱ་ལཱི,བཱ་ལཱི,མ་བཱ་ལི་ཡ,མ་བཱ་ལི་ཡ,། དུ་མ་ཧེ། དུསྶེ། ཏཀ,བཱ་ལཱི,SANSKRIT/
b42f24e0dc6c4d40ae10af7dd751956f,ལཱི། དུ་མ་ཧེ། དུསྶེ།,ཏཀྐེ། ཏཀྐ་,ཏཀྐེ། ཏཀྐ་,ཏ་ག་ཀེ། ཏ་ཀ་,ཏ་ག་ཀེ། ཏ་ཀ་,ར་ཎེ། མ་མ་མེཾ་མ་མ་མ་,ཏཀྐེ། ཏཀྐ་,SANSKRIT/
2f4f10b49db84305b699eb2f2e37f03a,ཏཀྐེ། ཏཀྐ་ར་ཎེ། མ་མ་,མེཾ་,མེཾ་,མེ་,མེ་,མ་མ་མ་ར་ཎེ། ཀཥྨཱི་ར།,མེཾ་,SANSKRIT/
fef85f8df01f4a92972d5ba96ecaa828,ཀྐ་ར་ཎེ། མ་མ་མེཾ་མ་མ,མ་ར་ཎེ། ཀཥྨཱི་ར། མུཀྟེ། ཨི་ལི་,མ་ར་ཎེ། ཀཥྨཱི་ར། མུཀྟེ། ཨི་ལི་,རེ་ཎེ། ཀཥྨིརེ། ཀཤྨཱིར་མུ་ག་ཏེ། ཨི་ལི་མེ། ཨི་ལ་,རེ་ཎེ། ཀཥྨིརེ། ཀཤྨཱིར་མུ་ག་ཏེ། ཨི་ལི་མེ། ཨི་ལ་,ཏི་ལི་མེ། ཨ་གྷ་ནེ། ཨ,མ་ར་ཎེ། ཀཥྨཱི་ར། མུཀྟེ། ཨི་ལི་,SANSKRIT/
563b65c34dd6492a9cea12ffb79d46f4,ེ། ཨི་ལི་ཏི་ལི་མེ། ཨ,གྷ་ནེ། ཨཱ་,གྷ་ནེ། ཨཱ་,གྷེ། ཨ་,གྷེ། ཨ་,གྷ་ནཱ་གྷ་ནེ། ཨི་ལི་ཨ,གྷ་ནེ། ཨཱ་,SANSKRIT/
3c7e4f5126604eee9fd884e64be1564f,་གྷ་ནེ། ཨཱ་གྷ་ནཱ་གྷ་,,,ཨི་ལཱི་ཡི་,ཨི་ལཱི་ཡི་, ཨི་ལི་ཨི་ལི་ཡེ། མི་,,SANSKRIT/
8b60d9212eaf499fafe1de749673ba4c,་ནཱ་གྷ་ནེ། ཨི་ལི་ཨི་,ལི་,ལི་,ལཱི་,ལཱི་,ཡེ། མི་ལི་མི་ལཱི་ཡེ།,ལི་,SANSKRIT/
0ea45e6a283341fbb43ad131c9163319,ེ་ཏེ་ཏུཎྜེ། ཨ་ནཱ་ནུ་,རཀྟེ,རཀྟེ,ར་ག་ཏེ,ར་ག་ཏེ,། ཨ་རུ་རུཀྐེ། ཏྲཱཾ་ཨ,རཀྟེ,SANSKRIT/
d4e012d064f140fbb470926cbde93cfd,། ཨ་ནཱ་ནུ་རཀྟེ། ཨ་རུ,རུཀྐེ། ཏྲཱཾ་ཨོཾ། བི་,རུཀྐེ། ཏྲཱཾ་ཨོཾ། བི་,རུག་ཀེ། ཏྲཾ་ཨོཾ། བ་,རུག་ཀེ། ཏྲཾ་ཨོཾ། བ་,ཤ་ནི་ཀེ་ཏ་ནི་སྭཱ་ཧཱ།,རུཀྐེ། ཏྲཱཾ་ཨོཾ། བི་,SANSKRIT/
ebd62319f50b4befa94269f84ef78360,་སྟེ། ཨི་ལ་ལ། ཙི་ལ་ལ,ཙཀྐོ་བཱཀྐོ,ཙཀྐོ་བཱཀྐོ,ཙག་ཀོ་བས་ཀོ,ཙག་ཀོ་བས་ཀོ,། ཀོ་ཌཱ། ཀོ་ཌཱི་ཏི། ,ཙཀྐོ་བཱཀྐོ,SANSKRIT/
80557ab954d14932979dbb6cb3089e18,ྐོ་བཱཀྐོ། ཀོ་ཌཱ། ཀོ་,ཌཱི་,ཌཱི་,ཌེ་,ཌེ་,ཏི། ཀུ་ར་ཌཱ། ཀུ་ར་ཌཱ,ཌཱི་,SANSKRIT/
4940c806a00b4795b29825a36db9f808,ི་ཏི། ཀུ་ར་ཌཱ། ཀུ་ར་,ཌཱི་,ཌཱི་,ཌེ་,ཌེ་,ཏི། པོ་ཌཱ། པོ་ཌཱི་ཏི,ཌཱི་,SANSKRIT/
10efa42b0db146aaaf9d09949113b6d3, ཀུ་ར་ཌཱི་ཏི། པོ་ཌཱ།,པོ་ཌཱི་,པོ་ཌཱི་,བ་ཌེ་,བ་ཌེ་,ཏི། པུ་རུ་དཱ། པུ་རུ་,པོ་ཌཱི་,SANSKRIT/
7f4cb6dcb4614ec5bf316c58f60d6e90,ཱ། པོ་ཌཱི་ཏི། པུ་རུ་,དཱ,དཱ,ཎ,ཎ,། པུ་རུ་ཌཱེ་ཏི། མོ་ཊ,དཱ,SANSKRIT/
964d77d368854586b7f3efa530c884a2,་ཏི། པུ་རུ་དཱ། པུ་རུ,ཌཱེ་ཏི,ཌཱེ་ཏི,ཌེ་ཧི,ཌེ་ཧི,། མོ་ཊཱ། མོ་ཌཱི་ཏེ། ,ཌཱེ་ཏི,SANSKRIT/
08e857baab8240629efa7586981124ee,དཱ། པུ་རུ་ཌཱེ་ཏི། མོ,ཊཱ། མོ་ཌཱི་ཏེ,ཊཱ། མོ་ཌཱི་ཏེ,ཏྲ་ཏ། མོ་ཌེ་ཏི,ཏྲ་ཏ། མོ་ཌེ་ཏི,། ནི་ཀུ་རུ་ཌཱ། ནི་ཀུ,ཊཱ། མོ་ཌཱི་ཏེ,SANSKRIT/
616a4ebf91f94a7ba25d6de52513195a,། ནི་ཀུ་རུ་ཌཱ་ཏི། མུ,རུ་ཌཱ,རུ་ཌཱ,ར་ཌཱ,ར་ཌ། ,། མུ་རུ་ཌཱི་ཏི། ནིམ་,རུ་ཌཱ,SANSKRIT/OUTLIER/
5218f406e02c491683db2d5324ffac93,་ཏི། མུ་རུ་ཌཱ། མུ་རུ,ཌཱི་ཏི,ཌཱི་ཏི,ཌེ་ཏི,ཌེ་ཏི,། ནིམ་མུ་རུ་ཌཱ། ནིམ་,ཌཱི་ཏི,SANSKRIT/
cf0e60b4c841462993fa8f8ae71d9e0b,མུ་རུ་ཌཱ། ནིམ་མུ་རུ་,ཌཱི་,ཌཱི་,ཌེ་,ཌེ་,ཏི། ཕུ་རུ་ཌེ། ཕུཊྚ་ར,ཌཱི་,SANSKRIT/
0e174ac9560f4647837fce971cfdcd1d,རུ་ཌཱི་ཏི། ཕུ་རུ་ཌེ།,ཕུཊྚ་ར་ཧེ། ཕུཊྚ་ར་ཧེ། ཕུཊྚ་དྡནྟ་ར་ཧེ། ཕུཊྚ་དྡནྟ་ར་ཧེ། ན་ག་ར་ཧེ། ན་ག་ཊཊྚནྡ་ཧ་རེ། སརྦ་ཧ་རེ། སརྦ་ཏ་ཊཊྚནྡ་ཧ་རེ།ཨཙྪེ། ཨཙྪེ། ཨཙྪ་ལེ།,ཕུཊྚ་ར་ཧེ། ཕུཊྚ་ར་ཧེ། ཕུཊྚ་དྡནྟ་ར་ཧེ། ཕུཊྚ་དྡནྟ་ར་ཧེ། ན་ག་ར་ཧེ། ན་ག་ཊཊྚནྡ་ཧ་རེ། སརྦ་ཧ་རེ། སརྦ་ཏ་ཊཊྚནྡ་ཧ་རེ།ཨཙྪེ། ཨཙྪེ། ཨཙྪ་ལེ།,ཕུད་ཊ་ར་ཧེ། ཕུད་ཊ་ར་ཧེ་ཕུད་ཊད་ཊན་ཌ་ར་ཧེ། ཕུད་ཊཏ་ཌན་ཌ་ར་ཧེ། སརྦ་ར་ཧེ། སརྦརྡ་ད་ན་ར་ཧེ། ཨད་ཚེ། ཨད་ཚ་ལ།ཨད་ཚ་ལེ།,ཕུད་ཊ་ར་ཧེ། ཕུད་ཊ་ར་ཧེ་ཕུད་ཊད་ཊན་ཌ་ར་ཧེ། ཕུད་ཊཏ་ཌན་ཌ་ར་ཧེ། སརྦ་ར་ཧེ། སརྦརྡ་ད་ན་ར་ཧེ། ཨད་ཚེ། ཨད་ཚ་ལ།ཨད་ཚ་ལེ།, ཚ་ལ་བི་ཥི། ཤཱི་ཏེ་ཤ,ཕུཊྚ་ར་ཧེ། ཕུཊྚ་ར་ཧེ། ཕུཊྚ་དྡནྟ་ར་ཧེ། ཕུཊྚ་དྡནྟ་ར་ཧེ། ན་ག་ར་ཧེ། ན་ག་ཊཊྚནྡ་ཧ་རེ། སརྦ་ཧ་རེ། སརྦ་ཏ་ཊཊྚནྡ་ཧ་རེ།ཨཙྪེ། ཨཙྪེ། ཨཙྪ་ལེ།,SANSKRIT/
dc0e41ae178546758eb0dc0e74300c27,ཨཙྪེ། ཨཙྪ་ལེ། ཚ་ལ་བི,ཥི། ཤཱི་ཏེ་ཤཱི་ཏ། བཏྟཱ་ལེ། མཱ་ཏཱ་,ཥི། ཤཱི་ཏེ་ཤཱི་ཏ། བཏྟཱ་ལེ། མཱ་ཏཱ་,ཤ་ཤཱ་ཏེ། ཤི་ཏ་བད་ཏེ་ལེ། མ་ཏ་,ཤ་ཤཱ་ཏེ། ཤི་ཏ་བད་ཏེ་ལེ། མ་ཏ་,ལེ། ཧ་ལེ་ཧ་ལེ། ཧ་ལ་ཧ,ཥི། ཤཱི་ཏེ་ཤཱི་ཏ། བཏྟཱ་ལེ། མཱ་ཏཱ་,SANSKRIT/
215dedec65514c228ea516c7a1981918, ཀེ་པ་ཙ་ལེ། མི་ལ་ལེ།,དནྟི་དནྟི།,དནྟི་དནྟི།,ཏན་ཌི་ཌ་ན་ཏི།,ཏན་ཌི་ཌ་ན་ཏི།, ཏ་ཊ་ཏ་ཊ། སྥུ་ཊ་སྥུ་,དནྟི་དནྟི།,SANSKRIT/
263f7f679a3345dea5e5430e9423183f,ི་དེ་བཞིན་ནོ། །གཞན་མ,ཡིན་པ་,ཡིན་པ་,ཡིན་,ཡིན་,དེ་བཞིན་ནོ། །ཡང་དག་པ,ཡིན་པ་,ALTERNATIVE/
b1430e44a69348fda62a0c0001cb7c39,ར་ཅན་བཟླས་པར་བྱའོ། །,པདྨཱ་,པདྨཱ་,པ་ཏཱ་,པ་ཏཱ་,ཀྲ་མ་སི། པ་རཱ་ཀྲ་མ་ས,པདྨཱ་,SANSKRIT/
c2ef72428d9043659d156a1086e18049,་མ་སི། པ་རཱ་ཀྲ་མ་སི།,ཨ་པ་རཱ་ཀྲ་མ་སི།ཨུ་,ཨ་པ་རཱ་ཀྲ་མ་སི།ཨུ་,ཨུ་,ཨུ་,ད་མ་སི། ན་ད་མ་སི། ནི,ཨ་པ་རཱ་ཀྲ་མ་སི།ཨུ་,SANSKRIT/
ca6f1d4263f84c7ebaca9c858cb0befa,ཱ་ཀྲ་མ་སི།ཨུ་ད་མ་སི།,ན་ད་མ་སི། ནི་རེ་,ན་ད་མ་སི། ནི་རེ་,ནཻ་ར་,ནཻ་ར་,མ་སི། ཨརྐ་མ་སི། ཨོརྨ,ན་ད་མ་སི། ནི་རེ་,SANSKRIT/
1a57558010034e00b3f7a2da4f3c3373,ི་རེ་མ་སི། ཨརྐ་མ་སི།,ཨོརྨ་སི། བ་ན་,ཨོརྨ་སི། བ་ན་,མརྐ་མ་སི། ཨུརྨ་པསི། བནྡྷ་,མརྐ་མ་སི། ཨུརྨ་པསི། བནྡྷ་,མ་སི། གུལྨ་མ་སི། ཙཻ་,ཨོརྨ་སི། བ་ན་,SANSKRIT/
b68d16545732452cb51022462560ec9c,བ་ན་མ་སི། གུལྨ་མ་སི།,ཙཻ་བ་,ཙཻ་བ་,ཙཱི་བ་,ཙཱི་བ་,ར་མ་སི། ཨཱནྟ་ར་དྷ་ན་,ཙཻ་བ་,SANSKRIT/
79eb08ca832b4ae8a3e88bee656aeb5e,ྨ་མ་སི། ཙཻ་བ་ར་མ་སི།,ཨཱནྟ་ར་དྷ་ན་མ་,ཨཱནྟ་ར་དྷ་ན་མ་,མ་ཧཱ་ཙཱི་བ་མ་ར་སི། ཨནྡྷ་ཛྷཱ་ན་མ་ན་,མ་ཧཱ་ཙཱི་བ་མ་ར་སི། ཨནྡྷ་ཛྷཱ་ན་མ་ན་,སི་སྭཱ་ཧཱ། ལྷ་མོ་འོད,ཨཱནྟ་ར་དྷ་ན་མ་,SANSKRIT/
f2132dc867734d45815f73221a21112e,ུངས་ཤིག །བདག་ལ་སྲུངས,ཤིག་སྲུངས་ཤིག །,ཤིག་སྲུངས་ཤིག །,ཤིག་ །,ཤིག་སྲུངས་ཤིག །,འདི་ལྟ་སྟེ།ཨཱ་ལོ། །ཏ,ཤིག་སྲུངས་ཤིག །,OUTLIER/
028eb44def68458180adc25378baf7a6,ས་ཤིག །འདི་ལྟ་སྟེ།ཨཱ,ལོ། །ཏ་ལོ། །ཀ་ལོ། །ཀོ་ལི། ཨཙྪིནྟེ། ཏཙྪིཏྟེ,ལོ། །ཏ་ལོ། །ཀ་ལོ། །ཀོ་ལི། ཨཙྪིནྟེ། ཏཙྪིཏྟེ,ལེ་ཏཱ་ལི། ཀོ་ལེ་ཨ་ལེ། ཀི་ལེ་ཨད་ཚིད་ཏེ,ལེ་ཏཱ་ལི། ཀོ་ལེ་ཨ་ལེ། ཀི་ལེ་ཨད་ཚིད་ཏེ,། བདག་ལ་འཚེ་བ་དང་འཇི,ལོ། །ཏ་ལོ། །ཀ་ལོ། །ཀོ་ལི། ཨཙྪིནྟེ། ཏཙྪིཏྟེ,SANSKRIT/
03103bdc822d488c9aa7e21af615d416,གས་པ་དང་། ནད་ཐམས་ཅད་,ལས་,ལས་,ལས་,ལ་,སྲུངས་ཤིག་སྲུངས་ཤིག་,ལས་,OUTLIER/
1757778ff4134009a7cee8002908e855,འོ། །འདི་ལྟ་སྟེ།ཨོཾ་,བཏྟཱ་,བཏྟཱ་,བ་ཏཱ་,བ་ཏཱ་,ལི། བ་རཱ་ལི། བ་རཱ་ཧ་,བཏྟཱ་,SANSKRIT/
5d4934d3e955467da173403dfcbe8e24,། བ་རཱ་ཧ་མུ་ཁི། སརྦ་,དུཥྚཱ་,དུཥྚཱ་,དུཥྚ་,དུཥྚ་,ན། ནི་བཱ་རཱ་ཡ། བན་ད,དུཥྚཱ་,SANSKRIT/
1867d3d03d024bd7a47a7cef7862f892, སརྦ་དུཥྚཱ་ན། ནི་བཱ་,རཱ་,རཱ་,ར་,ར་,ཡ། བན་དྷ་བན་དྷ། བན་,རཱ་,SANSKRIT/
89dd4032f3564c979969c1fa721b37c3,། བ་རཱ་ཧ་མུ་ཁི། སརྦ་,དུཥྚཱ་,དུཥྚཱ་,དུཥྚ་,དུཥྚ་,ན། བན་དྷ་བན་དྷ་སྭཱ་ཧ,དུཥྚཱ་,SANSKRIT/
c3a3b1288abc40089df18c998a999db9,ར་བྱའོ། །འདི་ལྟ་སྟེ།,ཨཊྚེ། བཊྚེ། ནཊྚེ་ཀུ་ནཊྚེ,ཨཊྚེ། བཊྚེ། ནཊྚེ་ཀུ་ནཊྚེ,ཨཊ་ཌ་བ་ཌ་ཊེ། ན་ཌ་ཌེ། ཀུ་ན་ཌ་ཌེ,ཨཊ་ཌ་བ་ཌ་ཊེ། ན་ཌ་ཌེ། ཀུ་ན་ཌ་ཌེ,། ཊ་ཀེ་ཋ་ཀེ། ཋ་ར་ཀེ་,ཨཊྚེ། བཊྚེ། ནཊྚེ་ཀུ་ནཊྚེ,SANSKRIT/
1a598380893b4a18a6c330df06461894,་ཀུ་ནཊྚེ། ཊ་ཀེ་ཋ་ཀེ།, ཋ་, ཋ་,ཋེ་,ཋེ་,ར་ཀེ་ཋ་ཀེ། ཨུ་རུ་མ་ཏ, ཋ་,SANSKRIT/
ad650254ecd04bfa83cdb9d8e1fd949f,་ཉ་ཙ་བི་པ་དགྒ། ན་མོ་,སཾ,སཾ,སབ,སབ,།པ་སཾ་མ་སཾ་བུད་དྷཱ་ཎ,སཾ,SANSKRIT/
f411fc7878004ab0b04a26b9b995712c,སཾ་མ་སཾ་བུད་དྷཱ་ཎཱཾ།,སིད་དྷནྟུ་,སིད་དྷནྟུ་,སིདྡྷན་དུ་,སིདྡྷན་དུ་,མེ་མནྟྲ་པ་དཻཿསྭཱ་ཧཱ།,སིད་དྷནྟུ་,SANSKRIT/
84a96c2dde694cbf91d2c9df18d0ea3c,སིད་དྷནྟུ་མེ་མནྟྲ་པ་,དཻཿ,དཻཿ,དཱ་,དཱ་,སྭཱ་ཧཱ། འདི་ནི་བདག་ལ,དཻཿ,SANSKRIT/
5cb2d5b914b14732a54c4d052ca62d2a,་ལྟུང་བར་འགྱུར་རོ། །,རིན་,རིན་,རིང་,རིན་,ཐང་ཚང་ན་སོ་སོར་ཐར་པ་,རིན་,OUTLIER/
c4761d1eabc34190a9373b859292d912,ས་པ་ལས་ཀྱང་། ཤིན་ཏུ་,བརྟགས་,བརྟགས་,བརྟགས་,རྟགས་,ཏེ་ལས་བྱེད་པ་དང་ལེགས,བརྟགས་,OUTLIER/
ea63e99d463b43ff81f34e9de909acc3,་ཀྱང་དགོས་པ་འགྲུབ་པ་,ལྟ་,ལྟ་,བལྟ་,ལྟ་,ན་བདག་གམ་གཞན་དག་གིས་,ལྟ་,OUTLIER/
c86b98e8b5e441198e7ab20a5351c1ae,ཉིད་ལ་གནས་པར་འདོད་པས,ཇི་ལྟར་,ཇི་ལྟར་,དེ་ལྟར་,ཇི་ལྟར་,གནས་པར་བྱ། སྨྲས་པ། ས,ཇི་ལྟར་,OUTLIER/
66749b8ed222477f90f299fa599e3bbe,བའི་བར་དུ་གསུངས་སོ། ,གཏང་བས་,གཏང་བས་,གཏང་བས་,བཏང་བས་,དེའི་རང་གི་དོན་བྱ་བ་,གཏང་བས་,OUTLIER/
dbcbe9d0027a46048697d099c438ded9,་བར་མི་འགྲོའོ་ཞེས་གང,བསྟན་པ་དེ་,བསྟན་པ་དེ་,བསྟན་པ་,བསྟན་པ་དེ་,ནི་ཁྱིམ་གྱི་བདེ་བ་ལ་,བསྟན་པ་དེ་,OUTLIER/
d18e290490694193bc1dc94c35c4d69e,བས་ཚུལ་ཁྲིམས་སྲུང་ངོ,། །དེ་བཞིན་དུ་སྦྱར་ཏེ,། །དེ་བཞིན་དུ་སྦྱར་ཏེ,། །,། །,། ཚུལ་ཁྲིམས་ཀྱི་ཕུང་,། །དེ་བཞིན་དུ་སྦྱར་ཏེ,PUNCT/
aab415627db54818876cd97556104676,ྲགས་མི་བྱ། །བཅོམ་ལྡན,འདས་ཀྱིས་,འདས་ཀྱིས་,འདས་ཀྱི་,འདས་ཀྱིས་,རྣམ་གྲངས་དུ་མར་དགེ་བ,འདས་ཀྱིས་,OUTLIER/
632c261555434438ae55bbd13832814c,བ་སེམས་དཔའ་ལ་རྣམ་པར་,སྡང་,སྡང་,ལྡང་,སྡང་,ཞིང་སྐུར་པ་འདེབས་པ་ད,སྡང་,OUTLIER/
15a4d0561caf4db28d0d1f2df34bb94a,ེ་སློང་འདིས་འཁོར་ལོས,སྒྱུར་བའི་,སྒྱུར་བའི་,སྒྱུར་བའི་,བསྒྱུར་བའི་,རྒྱལ་སྲིད་སྟོང་འགྱུར,སྒྱུར་བའི་,OUTLIER/
d2420b588e5b4bffb7bf341215d6cbb4,པར་མི་བྱའོ་ཞེས་རབ་ཏུ,བསྟན་པའི་,བསྟན་པའི་,བསྟན་པའི་,བརྟན་པའི་,ཕྱིར་རྟག་ཏུ་ཞེས་བརྗོ,བསྟན་པའི་,OUTLIER/
b47cca5069a54bf1a5e9dd58cc428a16,རྗོད་དོ། །རྙེད་པ་དང་,བཀུར་,བཀུར་,བསྐུར་,བཀུར་,སྟི་ནི་ཇི་སྟེ་ན་ཁས་བ,བཀུར་,OUTLIER/
cde9efc3c19041a88698044bc82cae8a,ྐད་དུ། འདི་ལ་བྱང་ཆུབ,སེམས་དཔའི་,སེམས་དཔའི་,སེམས་དཔས་,སེམས་དཔའི་,རིན་པོ་ཆེའི་ཕུང་པོ་ར,སེམས་དཔའི་,OUTLIER/
8f075eba64d84e779e4aafb52e75e361,་དང་བློན་པོ་དང་གཉེན་,བཤེས་,བཤེས་,གཤེས་,བཤེས་,དང་སྣག་གི་གཉེན་མཚམས་,བཤེས་,OUTLIER/
9dc8f9863eac45fcb41bca39983b4511,གོས་ཁ་དོག་མི་སྡུག་པ་,བགོས་,བགོས་,བགོས་,དགོས་,ཏེ་ཚུལ་གཞན་དུ་བསྒྱུར,བགོས་,OUTLIER/
f2654765bf89404395d47a2fc39c2226,་གུས་པ་མི་སྐྱེད་ཅིང་,སྲི་,སྲི་,སྲིད་,སྲི་,ཞུ་དང་ཞེས་མི་བྱེད་པ་,སྲི་,OUTLIER/
319c1d10b24b4e2a9cc3494d0afecb58,ས་སུ་མི་བསྐོ་བའི་ཆོས,ཚོལ་བ་,ཚོལ་བ་,ཚོལ་བ་,འཚོལ་བ་,དང་གཞན་གྱི་རིམ་གྲོ་,ཚོལ་བ་,OUTLIER/
2bc52f7d74c64dbcaf85933c4bfda0c6,་མི་བྱེད་ཡོངས་སུ་མི་,འདྲི་,འདྲི་,འདྲི་,འབྲི་,ཞིང་དགེ་བ་ནི་ཅི་མི་ད,འདྲི་,OUTLIER/
559289bf93924ccfb33fb4aed0e58c55,པར་མི་བྱ་བ་འཆད་པ་དང་,འཐབ་,འཐབ་,འཐབ་,འཐོབ་,མོ་བྱེད་ཅིང་རྩོད་པ་མ,འཐབ་,OUTLIER/
a415d493b23d4dc9b6156fb0dad56be4,། སྡུག་པའི་སེམས་དང་།,,,ན་,,གདགས་པའི་སེམས་དང་། ཀ,,OUTLIER/
dfe9b695e64e40ca9faa071186c2a937,རྒྱས་ཀྱི་ཞིང་ཡོངས་སུ,དག་པར་,དག་པར་,དག་པ་,དག་པར་,སྐྱེ་བར་བྱ་བའི་ཕྱིར་,དག་པར་,OUTLIER/
6a08a23987bb42e183260e97a0916ba7,ཉེན་གྱི་འདུ་ཤེས་དང་།,དཀོན་པའི་,དཀོན་པའི་,དཀོན་པའི་,དགོན་མའི་,འདུ་ཤེས་དང་། དཀའ་བ་བ,དཀོན་པའི་,OUTLIER/
44cdb5d8c84f4d3dab815501e882efb8,་འགའ་ཞིག་གིས་ལན་ལོན་,འགྱུར,འགྱུར,གྱུར,འགྱུར,། །རལ་པའི་ནང་གནས་སེམ,འགྱུར,OUTLIER/
4654559497274cfb9cbf4e46a2ca60bf,་དེ། །མཆོད་པ་ཚད་མེད་,རྣམ་,རྣམ་,རྣམས་,རྣམ་,མང་ཇི་སྙེད་པ། །ཞིང་ན,རྣམ་,OUTLIER/
6efe98361f55453e9bb76ada0422d1fb,མི་འགྱུར་རོ། །བཙུན་པ,ཤ་ར་དྭ་,ཤ་ར་དྭ་,ཤཱ་རདྭཱ་,ཤཱ་རདྭཱ་,ཏིའི་བུ་འདི་ལྟ་སྟེ། ,ཤ་ར་དྭ་,SANSKRIT/
dcfce3ae2cb24be9bf7d66a91d99043b,དུག་གམ་ཉལ་ཡང་རྟོག་པ་,མེད་,མེད་,བྱེད་,མེད་,ཅིང་རྣམ་པར་རྟོག་པ་མེ,མེད་,OUTLIER/
41a9f8fe3ed8448594c10d3928d6fe70,་ནད་གསོ་བའི་ཤེས་པ་ལ་,ལྟོས,ལྟོས,ལྟོས,བལྟོས,། ཞི་བའི་བློ་གྲོས་དེ,ལྟོས,OUTLIER/
b606d42d2ec1498f8811a62bdd9794f1,པའ་ཆེན་པོ་ཆོས་བཞི་པོ,དེ་དག་,དེ་དག་,འདི་དག་,འདི་དག་,དང་ལྡན་ན་སྡིག་པ་བྱས་,དེ་དག་,SIMILAR/
710ed0f5001f4ebbb4726b7b2f3231a9,ྣམས་ལ་མཆོད་པར་བགྱི། ,བདག་གིས་,བདག་གིས་,བདག་གིས་,བདག་གི་,ཕྱོགས་བཅུའི་སེམས་ཅན་,བདག་གིས་,OUTLIER/
e307919aeb3842fd85ade73afae6e10a,་བར་བགྱི། །དགོངས་པའི,ཐུགས་ཀྱིས་,ཐུགས་ཀྱིས་,ཐུགས་ཀྱིས་,ཐུགས་ཀྱི་,སངས་རྒྱས་རྣམས། །བདག་,ཐུགས་ཀྱིས་,OUTLIER/
37888b6e33fe435786fab87aedb27c46,་བས། །ནོངས་པར་རབ་ཏུ་,གཟུང་,གཟུང་,གཟུང་,བཟུང་,དུ་གསོལ། །འཇིགས་པ་དག,གཟུང་,OUTLIER/
218b1de4f0794fe2977273c084b68628,་མ་དེ་བཞིན་གཤེགས་པས་,སོལ,སོལ,སོལ,གསོལ,། །སངས་རྒྱས་རྣམས་ཀྱི,སོལ,OUTLIER/
26ae6b3e0d5d4c9baa784f9ea3683748,ིག་པ་ཐམས་ཅད་བཤགས་པར་,བགྱི,བགྱི,བགྱིས,བགྱི,། །སྔོན་ཆད་བདག་གིས་ག,བགྱི,OUTLIER/
7c4ad33ca874415299c760fe2ed1d76d,ས་སུ། །དགེ་བ་བཅུ་པོ་,བསྟེན་,བསྟེན་,བསྟན་,བསྟེན་,བགྱིས་ཏེ། །ས་བཅུ་ལ་ན,བསྟེན་,OUTLIER/
ab5bd956abc2434e8e939d088dff8c89,ྱིད་པ། །དེ་དག་ཀུན་ལ་,ཡི་,ཡི་,ཡིད་,ཡི་,རང་ངོ་། །ལུས་དང་ངག་ད,ཡི་,OUTLIER/
c153f5d01b4c46f6bff74ccfd8d8a32b,ི་ལ་སྐྱེས་བུ་ལ་ལ་ཞིག,རྐང་པ་,རྐང་པ་,རྐང་པས་,རྐང་པ་,ནས་སྤྱི་བོའི་བར་དུ་འ,རྐང་པ་,OUTLIER/
c4283cbc2d054b8a9817e70e4aa8cd9e,ེན་ན་ཡང་བུ་གསལ་ཤིང་ལ,བསྐྱོན་པ་,བསྐྱོན་པ་,སྐྱོན་པ་,བསྐྱོན་པ་,མཐོང་བ་ན་ཕ་མ་ལ་རང་གི,བསྐྱོན་པ་,OUTLIER/
4804cadae79c475a850b35451373cadf,གཅིག་གི་དགེ་བའི་རྩ་བ,སྐྱེ་བར་,སྐྱེ་བར་,སྐྱེད་པར་,སྐྱེ་བར་,འགྱུར་བ་ལྟ་ན། ལྟུང་བ,སྐྱེ་བར་,OUTLIER/
b9aefaf2267a439dab4d9a64d125bbec,གདུང་བ་དང་ལྡན་པར་ཡང་,འགྱུར་,འགྱུར་,གྱུར་,འགྱུར་,གྱིས་འདི་ལྟར་བདག་གིས,འགྱུར་,OUTLIER/
885a92fd01fb457197414759d9519667,ས་བགྱི་བ་སངས་རྒྱས་ལ་,སྐྱབས་,སྐྱབས་,བསྐྱབས་,སྐྱབས་,སུ་མཆིའོ། །ཆོས་ལ་སྐྱ,སྐྱབས་,OUTLIER/
a32fd718513b4a44bd03774f47867c59,དགེ་འདུན་ལ་སྐྱབས་སུ་,མཆིའོ,མཆིའོ,འཆིའོ,མཆིའོ,། །དེ་བཞིན་གཤེགས་པ་ད,མཆིའོ,OUTLIER/
c32f0dc97c1345dcad3510f48fd5d2c8,ེད་པ་ལ་ཕྱག་འཚལ་ལོ། །,དཔས་,དཔས་,དཔས་,དཔལ་,བྱིན་ལ་ཕྱག་འཚལ་ལོ། །,དཔས་,OUTLIER/
b4c5f958db184c66bdb7a6d8a6383750,ིའི་དགེ་འདུན་གྱི་ནོར,ཕྲོགས་པ་,ཕྲོགས་པ་,འཕྲོགས་པ་,ཕྲོགས་པ་,དང་། འཕྲོག་ཏུ་སྩལ་བ་,ཕྲོགས་པ་,OUTLIER/
aa126412613f4b1384415273efbc364d,ས་ནས་སེམས་ཅན་དམྱལ་བར,མཆི་བའམ,མཆི་བའམ,མཆི་བའམ,འཆི་བའམ,། དུད་འགྲོའི་སྐྱེ་གན,མཆི་བའམ,OUTLIER/
eb4dda90d07548e6bb240b0ea055f583,་ཉེ་བར་མཆི། །བྱང་ཆུབ,སེམས་དཔའི་,སེམས་དཔའི་,སེམས་དཔའ་,སེམས་དཔའི་,གང་དག་སྙིང་རྗེའི་སྟོ,སེམས་དཔའི་,OUTLIER/
14f16d024ec94ef49b6a91f698f2c0f0,ད་པ་དེ་དག་ནི་མནར་བར་,འགྱུར་,འགྱུར་,གྱུར་,འགྱུར་,ཤིན་ཏུ་མནར་བར་འགྱུར་,འགྱུར་,OUTLIER/
052d852e86d2451087aa1d07663556a9,ཅོམ་མ་ཡང་ཡིན་པ་དེ་ལ་,ལོག་,ལོག་,ལོགས་,ལོག་,པར་སྤྱད་པ་འདི་ནི་འདོ,ལོག་,OUTLIER/
6b2557ff2a00403ab63d3ab1f5eba043,ང་བ་རྣམས་ཀྱི་རྙེད་པ་,འཕྲོག་,འཕྲོག་,འཕྲོགས་,འཕྲོག་,པའི་སེམས་འདི་ནི་བརྣབ,འཕྲོག་,OUTLIER/
5ca8ae52278c45dabe3f03228a54eca6,ྗོད་བྱ་སྟེ། རྨི་ལམ་ན,ཟས་ངན་པ་,ཟས་ངན་པ་,ཟས་ངན་,ཟས་ངན་པ་,སྐྱུག་པ་དང་། ཞོ་དང་འ,ཟས་ངན་པ་,OUTLIER/
608ceb478ee7405db6d6365d25936778,་ཁང་བཟངས་ཀྱི་སྟེང་དུ,འཛེག་པ་,འཛེག་པ་,འཛེག་པ་,འཛེགས་པ་,དང་། ཆོས་ཉན་པ་རྨིས་ན,འཛེག་པ་,OUTLIER/
d380d252f21c438a8918942008b331f1,་བར་འགྱུར་རོ། །གང་ཡང,མི་དགེ་བ་,མི་དགེ་བ་,མི་དགེ་,མི་དགེ་,བཅུའི་ལས་ཀྱི་ལམ་དང་ལ,མི་དགེ་བ་,SIMILAR/
5b113c643f864c05a6095e13596cdafc,ད་རྟེན་ལ་མེ་ཏོག་འགའ་,འབུལ་,འབུལ་,དབུལ་,དབུལ་,ལམ་ཆུ་སྙིམ་པ་གང་ཙམ་འ,འབུལ་,SIMILAR/
273ddccea86c4ac6abc5039731682439, །བུད་མེད་གང་ལ་ལ་བུ་,བཙའ་,བཙའ་,རྩ་,བཙའ་,བའི་དུས་ན་སྡུག་བསྔལ་,བཙའ་,OUTLIER/
fdf9f6a75895416da153b361d3bbc59a,འི་མཚན་སུའི་རྣ་ལམ་དུ,གྲག་པར་,གྲག་པར་,གྲགས་པར་,གྲག་པར་,གྱུར་པ་དེ། ངན་འགྲོ་ང,གྲག་པར་,OUTLIER/
4a4e9c187c0246139e7175eb4ebe12da,་གི་བསམ་པ་འདི་ལྟ་བུས, བདག་གི་, བདག་གིས་, བདག་གིས་, བདག་གིས་,དགེ་བའི་རྩ་བ་འདིས་ནུ, བདག་གི་,OUTLIER/
4cffd184c303494abea5dd9af24b9e0f,་སཱ་ལ་ཆེན་པོ་ལྟ་བུའི,ཁྱིམ་དག་,ཁྱིམ་དག་,ཁྱིམ་དག་,ཁྱིམ་བདག་,དང་། ནོར་དང་འབྲུ་དང་,ཁྱིམ་དག་,OUTLIER/
c28c2adf1244475080ab096e8eb8e6d6,མ་ཚོགས་པ་དང་དཔའ་བ་དང,རྟུལ་ཕོད་,རྟུལ་ཕོད་,བརྟུལ་ཕོད་,བརྟུལ་ཕོད་,པ་དང་ཚན་པོ་ཆེ་ཆེན་པོ,རྟུལ་ཕོད་,ALTERNATIVE/
7c1e6c5ed46e4629bbdbdc372a732588,ི་སྤངས་ནས་སུ། །དེ་དག,ལྷ་ཡི་,ལྷ་ཡི་,ལྷ་ཡིས་,ལྷ་ཡི་,ལུས་ཐོབ་པོ། །ཞེས་གསུ,ལྷ་ཡི་,OUTLIER/
318168b1e5f94d66868b45547e006068,་གྱིས་གནོད་པར་བྱ་བའི,འཇིགས་པ་,འཇིགས་པ་,འཇིགས་པ་,འཇིག་པ་,མེད་དོ། །དེ་བཞིན་དུ་,འཇིགས་པ་,OUTLIER/
b406052ff0974495a7c99101b32d8663,ན། །བཅོས་ཀྱང་ཡིད་མི་,བདེ་,བདེ་,བདེན་,བདེ་,ན་ནི། །ཁྲོ་བས་རྒྱལ་བ,བདེ་,OUTLIER/
40fab7fcb508436689cf428d983a2227,་ཟིན་པར་འགྱུར། །དེ་ལ,ཡང་དང་,ཡང་དང་,ཡང་དག་,ཡང་དང་,ཡང་སེམས་པས། །ཚེ་ཡང་ཐ,ཡང་དང་,OUTLIER/
1dd8f0e1bc704c98a8367774b5456ae1,་སྤང་། །ཡིད་མི་བདེ་བ,སྤང་བ་,སྤང་བ་,སྤངས་པ་,སྤང་བ་,ཡང་ཇི་ལྟར་གོམས་པར་བྱ,སྤང་བ་,OUTLIER/
da61309d0ea2470788d1b1b1747eb8d3,ག་པའི་ཆེད་དུ། དྲག་ཏུ,བརྡེགས་པ་,བརྡེགས་པ་,བརྡེག་པ་,བརྡེག་པ་,མྱོང་ཡང་གཡུལ་དུ་འཇུག,བརྡེགས་པ་,SIMILAR/
34c5a3ab66984401ad8d7ede9bf2462c,ར་ཏེ། སྐམ་དྲིལ་བྱ་བ་,ལྟར་,ལྟར་,ལྟ་,ལྟ་,དྲིལ་ཏམ།བྱི་བོའི་ཆད་,ལྟར་,SIMILAR/
8b122aa92c8443d1a0ecc7d9572de3b6,་ཆད་པ་ལྟ་བུས་བཅད་དམ།,ཉེས་པ་,ཉེས་པ་,ཉེགས་པ་,ཉེས་པ་,བྱུང་བ་བསྒྲགས་པ་ལྟར་,ཉེས་པ་,OUTLIER/
0406d1997d4a4e7c83ac4c5908985103,ྲགས་པ་ལྟར་བསྒྲགས་སམ།,ཀཱཪྵ་པ་ཎ་,ཀཱཪྵ་པ་ཎ་,ཀར་ཥ་པ་ན་,ཀར་ཥ་པ་ན་,ཙམ་དུ་གཏུབས་སམ། འབྲས,ཀཱཪྵ་པ་ཎ་,SANSKRIT/
4023e8802f794e64ae04e2828ec3f114,དང་། ཁ་གསག་མེད་པ་དང་, ཐོབ་ཀྱིས་, ཐོབ་ཀྱིས་, ཐོབ་ཀྱིས་, ཐོབ་ཀྱི་,འཇལ་བ་མེད་པ་དང་། བསམ, ཐོབ་ཀྱིས་,OUTLIER/
f0f13e6b20304a8ab99a78e783630e3e,རླང་བ་མེད་པ་དང་། གྱ་,གྱུ་,གྱུ་,རྒྱུ་,གྱུ་,མེད་པ་དང་། ཐམས་ཅད་ལ་,གྱུ་,OUTLIER/
eca63af56f034f58bd009ce6386f7e1b,དམ་ཀུན་ཏུ་བསྐྱོད་དམ།, དཀྲུགས་, དཀྲུགས་,བཀྲུགས་, དཀྲུགས་,སམ་ཀུན་ཏུ་དཀྲུགས་སམ།, དཀྲུགས་,OUTLIER/
c7a87334ec0741dc902be014a06426f5,ྱེད་པ་དང་། དཀོན་མཆོག,གསུམ་གྱི་,གསུམ་གྱི་,གསུམ་གྱིས་,གསུམ་གྱི་,རིགས་མི་འཆད་པར་བྱ་བ་,གསུམ་གྱི་,OUTLIER/
218d9a84698f49beb8f4e5e51c146853,གས་གཏུབས་རྣམ་པར་གཏོར,རྣམ་པར་,རྣམ་པར་,རྣམས་,རྣམ་པར་,བཅོམ་པ་དེ་ལྟ་བུར་གྱུ,རྣམ་པར་,OUTLIER/
39992232d120443e8c3fdfb6a5da6b33,ས་ཅད་ཀྱིས་ནི་སེམས་ཅན,དམྱལ་བ་,དམྱལ་བ་,དམྱལ་,དམྱལ་བ་,པའི་སྡུག་བསྔལ་གྱི་བར,དམྱལ་བ་,OUTLIER/
bb1fcdbf1285482683b924c46f5441e5,ུ་ཐར་བར་བྱ་བའི་ཕྱིར་,བཟོད་,བཟོད་,གཟོད་,བཟོད་,ཅིང་སེམས་ཀྱིས་རྨ་མི་,བཟོད་,OUTLIER/
b7d395cfeb524bb9a18fae9c54219c27,པོ་བླ་མའི་སྐྱེས་པའི་,རབས་,རབས་,རབས་,རབ་,རྒྱ་ཆེར་མཛད་ནས་གསུངས,རབས་,OUTLIER/
48e3dfb75b0e4bd79c6a52af434e8a0f,ེ་ཤེས་འདི་ནི། བཙུན་པ,ཤ་ར་དྭ་,ཤ་ར་དྭ་,ཤཱ་ར་དྲཱ་,ཤ་ར་དྭ་,ཏིའི་བུ་བྱང་ཆུབ་སེམས,ཤ་ར་དྭ་,SANSKRIT/OUTLIER/
ba75093a8f3249508e6c654fe0a43b24,ོངས་སྤངས་ནས་བདུད་ནི་,བཅོམ་,བཅོམ་,བཅོམས་,བཅོམ་,ནས་སུ། །བྱང་ཆུབ་རྡུལ,བཅོམ་,OUTLIER/
a830ecd91db04b5da42b4bec0e6508a5,འི་སེམས་ཅན་ལ་རྗེས་སུ,ཆགས་པ་,ཆགས་པ་,ཆབས་པ་,ཆགས་པ་,དང་འཁོར་འདོད་པ་དང་རྙ,ཆགས་པ་,OUTLIER/
2a8b85f1f6d64fe8b2f07f664534ff46,་བྱས་ནས་གལ་ཏེ་འདུག་ན,གཉི་ག་,གཉི་ག་,གཉིས་ཀ་,གཉིས་ཀ་,ཡང་འདུག་པར་བྱའོ། །དེ,གཉི་ག་,SIMILAR/
0810bf45224e4fb185dbbdef7f0898cb,ང་ཆུབ་སེམས་དཔའ་རབ་ཏུ,བྱུང་བ་,བྱུང་བ་,བྱུང་བ་,བྱུང་བས་,འཇིགས་ཤིང་སྐྲག་ནས། ད,བྱུང་བ་,OUTLIER/
3f1a405851cc4a59a13426236bf619d4,ག་པས་ཐར་པར་གནས་པའོ། ,བཅིངས་པ་,བཅིངས་པ་,བཅིངས་པ་,བཅིངས་པས་,བཅད་པས་རྣམ་པར་གྲོལ་བ,བཅིངས་པ་,OUTLIER/
b47782ecc1c8470fb78de744f5d5191d,ཁྱེར་དང་གྲོང་རྡལ་དང་,ལྗོངས་,ལྗོངས་,ལྟོངས་,ལྗོངས་,དང་ཡུལ་དང་ཕོ་བྲང་འཁོ,ལྗོངས་,OUTLIER/
045a47d6dbe04d85a197644516b95f31,ེ་སྦྱོང་བསྙེན་བཀུར་ལ,གདུ་བ་,གདུ་བ་,སྡུ་བ་,གདུ་བ་,ནི་ཡོན་ཏན་གྱི་ཆོས་རྗ,གདུ་བ་,OUTLIER/
abc5b00a1cf04b6d9c888c9a5bddd460,ལ་ལུང་མནོས་ནས་འབད་དེ,ཁོང་དུ་མ་,ཁོང་དུ་མ་,ཁོང་དུ་,ཁོང་དུ་མ་,ཆུད་པའི་ཆོས་རྣམས་ཁོང,ཁོང་དུ་མ་,OUTLIER/
4993c1de0eb9465e844cd42126b07890,ྱུར་ན། གང་འདུ་འཛི་དང,འདུ་བ་,འདུ་བ་,འདུལ་བ་,འདུ་བ་,ལ་མངོན་པར་དགའ་བའི་སེ,འདུ་བ་,OUTLIER/
b741c7a1a0f24ce5a10544afe29e9cfc,པ་དང་། གསོ་སླ་བ་དང་།, དགང་, དགང་,དེ་གང་, དགང་,སླ་བ་དང་། འགྲོགས་ན་བ, དགང་,OUTLIER/
214c58793fde4d1faac92b84de77625e,བྱས་རྨི་ལམ་མཚུངས་པར་,བརྟགས་,བརྟགས་,བརྟགས་,བརྟག་,ནས་ནི། །འདི་ནི་རྟག་ཏ,བརྟགས་,OUTLIER/
a9ae104c951947e085a15545af586bc6,གས་སྣོད་ལྟར་འཕགས་པའི,སྐྱེ་བོས་,སྐྱེ་བོས་,སྐྱེ་བས་,སྐྱེ་བོས་,སྤངས། །འདོད་པའི་ཡོན་,སྐྱེ་བོས་,OUTLIER/
bee089d6bd954fdc8bebd9e31bd30599,་བསྔལ་གཟི་བརྗིད་ལུས་,,,པ་,,ནས། །རྣམ་པར་སྤངས་ཏེ་,,OUTLIER/
cb03d053308a4114a784a29c214ee98a,གྱུར་བྱ་རྒོད་བཞིན། །,རྫས་,རྫས་,དུ་བརྫས་,རྫས་,ལྡན་གཟུགས་མཆོག་ལྡན་ཚ,རྫས་,OUTLIER/
7389d7db5f114222a92268dbcc8db82c,ས་སྐྱེམས། །འཁྲི་ཤིང་,སཱ་,སཱ་,ས་,ས་,ལའི་ནགས་ལ་རླུང་དམར་བ,སཱ་,SANSKRIT/
019ee450afaf4f42952a3035e0960516,གས་ནི་མི་སྡུག་བྱེད། ,རྒ་བས་གཟི་,རྒ་བས་གཟི་,རྒ་བས་གཟི་,རྒ་བས་,བརྗིད་འཕྲོག་ཅིང་མཐུ་,རྒ་བས་གཟི་,OUTLIER/
c9564dff503849948422117b7736c3b1,་མཁའ་ལས་ཉི་མ་བཞིན། །,,,པས་,,དང་འཕོ་དང་འཆི་འཕོ་དུ,,OUTLIER/
6e8923421d334a90a21f549e7e09c8b8,་པའི་སྐྱེ་བོ་རྟག་ཏུ་,འབྲལ,འབྲལ,འཕྱི,འབྲལ,། །ཕྱིར་མི་འོང་ཞིང་ཕ,འབྲལ,OUTLIER/
73014d06546a4ba482ddb2681ca493f6,་པ་དག་དབང་མེད་བྱེད། ,འཆི་བས་,འཆི་བས་,འཆི་བས་ཏེ་,འཆི་བས་,འཕྲོག་བྱེད་ཆུ་བོས་ཤི,འཆི་བས་,OUTLIER/
7b9eb78c50044011bfe2b6a8a8a49eb7,གས་བརྒྱ་ཕྲག་མང་འཛིན་,ཏེ,ཏེ,ཏེན,ཏེ,། །འབྱུང་པོའི་ཚོགས་ལ,ཏེ,OUTLIER/
7074d6622c9c4b888ad27480db291c91,ཚོའི་ཆུ་སྲིན་བཞིན། །,ཀླུ་,ཀླུ་,སླུ་,ཀླུ་,ལ་མཁའ་ལྡིང་གླང་ཆེན་ས,ཀླུ་,OUTLIER/
c8e2cd70a5814eb5b74d67981c4c6df2,ན་རྣམས་ཀྱིས་བཟློག་པར,སླ་བ་,སླ་བ་,བསླ་བ་,སླ་བ་,ནི་མ་ཡིན་ནོ། །རྒྱལ་པ,སླ་བ་,OUTLIER/
385d5d414c154411928e5b931feacfc3,ལ་པོ་ཆེན་པོ་རྒ་བ་ནི་,དར་,དར་,དེར་,དར་,ལ་བབ་པ་འཇོམས་ཤིང་འོང,དར་,OUTLIER/
f1ca293f064d43c5b1258d5ccd0565dc,དར་ལ་བབ་པ་འཇོམས་ཤིང་,འོང་,འོང་,འོངས,འོང་,། ནད་ནི་ནད་མེད་པ་འཇོ,འོང་,OUTLIER/
897d8b3b39af48178be63c65eeaf32c7,ོལ་དུ་ནི་འགྲོ། །སྐྱས,ཆེན་པོ་,ཆེན་པོ་,ཆེན་པོར་,ཆེན་པོ་,ནི་འདེབས། མུན་པ་ཆེན,ཆེན་པོ་,OUTLIER/
f6a3db06919243eaab259f1567b26d72,ོ་འདི་ལྟ་སྟེ་དཔེར་ན།, གྲང་, གྲང་,གྲངས་, གྲང་,བས་ཉེན་པ་ལ་མེ་དང་། མ, གྲང་,OUTLIER/
fbed7064037b48bdb9667f219b4fd8ee,ང་ལྡན་པའི་གྲོགས་དང་།,འཐབ་པ་,འཐབ་པ་,འཐབས་པ་,འཐབ་པ་,ལ་དཔུང་གཉེན་དང་། དོག,འཐབ་པ་,OUTLIER/
0c078add74164703ad43d1ede5861007,ེན་པོ་འཆི་བདག་གི་གསལ,ཤིང་གིས་,ཤིང་གིས་,ཤིང་གིས་,ཤིང་གི་,ཟུག་སྟེ། རྒྱགས་པ་དང་,ཤིང་གིས་,OUTLIER/
c5c6c482ed3a4edaaf5b141aaa3422ba,ཡིད་ཀྱི་དབང་པོ་དག་ནི,འགག །སྐྱིགས་,འགག །སྐྱིགས་,འགར། སྐྱ་བོ་,འགག །སྐྱིགས་,བུ་ནི་འབྱུང་། སྒྲ་ངར,འགག །སྐྱིགས་,OUTLIER/
ec80e59447cf4eac9bf77882a3b10bbb,ིས་མི་རྟག་པར་བལྟ་ཞིང,ཟད་པ་དང་,ཟད་པ་དང་,ཟད་པས་,ཟད་པ་དང་,དེངས་པར་བལྟ་བར་བྱ་སྟ,ཟད་པ་དང་,OUTLIER/
325a78d08bea4fefbf62e8650bfca31c,ེས་པ་དང་སྐོམ་པས་ཉེན་,ཅིང་,ཅིང་,ཆིང་,ཅིང་,ཡིད་མི་བདེ་བར་འཆི་བའ,ཅིང་,OUTLIER/
e28103b46f9f4669967be8dd5a37348b,་པས་བསྒོས་མེ་ཏོག་དྲི,ཞིམ་པོས་,ཞིམ་པོས་,ཞིམ་པས་,ཞིམ་པོས་,བསྒོས་ཀྱང་། གདོན་མི་,ཞིམ་པོས་,OUTLIER/
159e7df5a28e42d9af4d343da70f7411,་དང་གླིང་བུ་ལེན། རྔ་,རྡུང་,རྡུང་,རྡུང་,བརྡུང་,ཞིང་ཡིད་བདེ་བར་རྩེ་ད,རྡུང་,OUTLIER/
1f94801616d344e3acde28561911ee60,ཞོན་ཏེ། དུང་དང་རྔ་དང,རྫ་རྔ་,རྫ་རྔ་,འཁར་རྔ་,འཁར་རྔ་,དང་། འཁར་རྔ་དང་། རོལ,རྫ་རྔ་,SIMILAR/
5620efa34a9e479b93280d22df88fc20,སྙན་པ་བརྗོད་དེ་ཕྱིར་,འབྱུང་,འབྱུང་,འབྱུང་,དབྱུང་,མྱོང་བ་ཡང་རིང་པོར་མི,འབྱུང་,OUTLIER/
b11d02ca233a40acaaa803da8d9b245f,ེ། ལག་པ་བཏེག་ནས་བྲང་,རྡུང་,རྡུང་,བརྡུང་,བརྡུང་,ཞིང་མཆོག་ཏུ་སྙིང་རྗེ,རྡུང་,SIMILAR/
98bbda8b82074893894769e1d801d1d1,ང་ཕོ་བ་དང་སུལ་མངས་དང,ལོང་ཀ་,ལོང་ཀ་,ལོང་ག་,ལོང་ག་,དང་མཆེར་པ་དང་ཕྱི་ས་ད,ལོང་ཀ་,ALTERNATIVE/
4010703178e94feea04e7b0e4cda7b34,ས་དང་ལོང་ཀ་དང་མཆེར་པ,དང་ཕྱི་,དང་ཕྱི་,དང་ཕྱི་,ཕྱི་,ས་དང་མཆིལ་མ་དང་རྔུལ་,དང་ཕྱི་,OUTLIER/
e7d871b860794c96ac7d70df06ee90f3,་ཀན་དང་རྣག་དང་ཁྲག་དང,ཀླད་པ་,ཀླད་པ་,གླད་པ་,གླད་པ་,དང་ཀླད་རྒྱས་དང་གཅིན་,ཀླད་པ་,SIMILAR/
2b63ca7a25564ac38dbf261b2d281e9f,སྡུག་པ་མང་དུ་བསྒོམ་པ,ཡིན་ནོ་,ཡིན་ནོ་,ཡིན་,ཡིན་ནོ་,ཞེས་གསུངས་སོ། །བཅོམ་,ཡིན་ནོ་,OUTLIER/
8f96a01c77bf45fba99ec010080f32dc,་སའི་ཁམས་དང་ཆུའི་ཁམས,དང་མེའི་,དང་མེའི་,དང་མའི་,དང་མེའི་,ཁམས་དང་རླུང་གི་ཁམས་ས,དང་མེའི་,OUTLIER/
cd25ac97a3544753ba4c6e01acdb5ee7,་སྦྱོར་རོ། །རབ་འབྱོར,དེ་ལྟར་,དེ་ལྟར་,དེ་ལྟ་,དེ་ལྟར་,ན་བྱང་ཆུབ་སེམས་དཔའ་ས,དེ་ལྟར་,OUTLIER/
1c70c14711bd4fafbbbfe88f77bf1a42,ེས་ལུས་འདི་ཡང་དེ་དང་,སྦྱར་,སྦྱར་,སྦྱོར་,སྦྱར་,རོ། །དེ་བཞིན་དུ་སྦྱར,སྦྱར་,OUTLIER/
e418b2f41f734acdb72b16a90b92a673,ེས་ལུས་འདི་ཡང་དེ་དང་,སྦྱར་,སྦྱར་,སྦྱོར་,སྦྱར་,རོ་ཞེས་གསུངས་སོ། །འད,སྦྱར་,OUTLIER/
ca4f9d556a6049bb9aa8ba3914193ade,ིགས་པ་མེད་པའི་བྱམས་པ,ནི་མི་,ནི་མི་,ནི་མི་,ནི་,སྐྱ་བའི་ཆོས་ལ་བཟོད་པ,ནི་མི་,OUTLIER/
2a5dc5c6813946ee9c2ed7dbd921d95d,ར་བྱས་ཏེ་ཁྱབ་པར་བྱས་,ནས་,ནས་,ནས་,ན་,རྫོགས་པར་བྱས་ཏེ་གནས་,ནས་,OUTLIER/
b6ab4e0fe98d4cb7939369d6092e8db3,ུར་ཅིག །སངས་རྒྱས་ཀྱི,ཏིང་ངེ་འཛིན་,ཏིང་ངེ་འཛིན་,ཏིང་ངེ་འཛིན་,ཏིང་འཛིན་,གྱི་བདེ་བ་མཚུངས་པ་མེ,ཏིང་ངེ་འཛིན་,OUTLIER/
8b5a6f120306418eb8077ae7e61a80d9,་གསུངས་སོ། །གསེར་འོད,དམ་པ་,དམ་པ་,དམས་པ་,དམ་པ་,ལས་གསུངས་པའི་བྱམས་པ་,དམ་པ་,OUTLIER/
8722235482bc49e9b44d0f532ab6a153,ན་ཀུན་དང་ལྡན་པ་ལྟར། ,སྐྱེ་དགུ་,སྐྱེ་དགུའི་,སྐྱེ་དགུའི་,སྐྱེ་དགུའི་,ཏིང་འཛིན་བྱང་ཆུབ་ཡན་,སྐྱེ་དགུ་,OUTLIER/
4e3635fa09df44d2a3b9b7726836f082,ག་ནད་བཏབ་ཉམ་ཆུང་ལུས་,ཉམས་,ཉམས་,ཉམས་,ཉམ་,དང་། །ཕྱོགས་བཅུ་དག་ན,ཉམས་,OUTLIER/
a0b3f2266a654069b83e3c851146df7b,་རྐུན་ཤོར་བས་བསྡིགས་,བསད་,བསད་,གསད་,བསད་,འོས། །སྡུག་བསྔལ་རྣམ་,བསད་,OUTLIER/
10f5985fbb2246f8ac1308bcdb0c0a00,ྟེན་གང་ནའང་སྡུག་བསྔལ,སྒྲ་མི་,སྒྲ་མི་,སྒྲ་མ་,སྒྲ་མི་,འབྱུང་། །སེམས་ཅན་གཅི,སྒྲ་མི་,OUTLIER/
2414c8020e2c417f93781dc731cbd990,ཀྱང་མི་འཕྲོད་མཐོང་མ་,འགྱུར,འགྱུར,གྱུར,འགྱུར,། །དེ་དག་ཐམས་ཅད་ཁ་དོ,འགྱུར,OUTLIER/
5296a9dc39634e49a03e70c397d2bc1a,ར་ཤོག །ཕྱོགས་བཅུ་དག་,ན་,ན་,ན་,ནི་,རིན་ཆེན་ཤིང་དབང་དྲུང,ན་,OUTLIER/
96ef7329b9ce48ec9e966d49f0152422,ྲེལ་པར་འབྱུང་བ་ནི། །,སཱ་,སཱ་,ལས་,སཱ་,ལུ་ལྗང་པའི་མདོ་ལས་བས,སཱ་,SANSKRIT/OUTLIER/
e997fc49b127431a803b86d8f2f32631,རྒ་ཤི་ཞེས་བྱ་བའི་བར་,དུའོ,དུའོ,བྱའོ,དུའོ,། །གལ་ཏེ་མ་རིག་པ་མ་བ,དུའོ,OUTLIER/
977a85099b7447a580460bbae2d7ebaf,དུ་བྱེད་རྣམས་མངོན་པར,བསྒྲུབ་པོ་,བསྒྲུབ་པོ་,བསྒྲུབ་པོ་,སྒྲུབ་པོ་,སྙམ་དུ་མི་སེམས་སོ། །,བསྒྲུབ་པོ་,OUTLIER/
a444955d7cc444eaa88581f1e82fc2a4,ི་སྙམ་དུ་བདག་ཅག་ནི་མ,རིག་པས་,རིག་པས་,རིགས་པས་,རིག་པས་,མངོན་པར་བསྒྲུབ་པོ་སྙ,རིག་པས་,OUTLIER/
a3972707941a43d7aba6b66bf1758d4f,དེ་ལ་ནང་གི་རྟེན་ཅིང་,འབྲེལ་,འབྲེལ་,འབྲལ་,འབྲེལ་,པར་འབྱུང་བའི་སའི་ཁམས,འབྲེལ་,OUTLIER/
fb0ab817417c45e0b6115250cc668459,ིས་ལུས་ཀྱིས་ཟོས་པ་དང,འཐུངས་པ་,འཐུངས་པ་,འཐུང་པ་,འཐུངས་པ་,དང་འཆོས་པ་དང་མྱངས་པ་,འཐུངས་པ་,OUTLIER/
730126d63cf74d9bb74886a41a4188df,་པའི་དབང་པོ་རྣམས་ནི་,སྐྱེ་,སྐྱེ་,སྐྱད་,སྐྱེ་,མཆེད་དྲུག་གོ། །ཆོས་ག,སྐྱེ་,OUTLIER/
f69b7faeeda042cfb24a34e155ff37aa,ན་ལས་བྱུང་བའི་ཚིག་ཏུ,སྨྲེ་བ་,སྨྲེ་བ་,སྨྲ་བ་,སྨྲེ་བ་,ནི་སྨྲེ་སྔགས་འདོན་པའ,སྨྲེ་བ་,OUTLIER/
110a62851e4a4dfaa65b51f5961af136,ག་པར་ཞེན་པ་དང་ལྷག་པར,ཞེན་ནས་,ཞེན་ནས་,ཞེན་ནས་,ཞེན་པས་,འདུག་པ་ལས་བདག་སྡུག་པ,ཞེན་ནས་,OUTLIER/
5843043cc7d04669abca1224832de82d,ན་དུ་གྲུབ་པའི་ཕུང་པོ,རྣམས་ཀྱི་,རྣམས་ཀྱི་,རྣམས་ཀྱི་,རྣམས་ཀྱིས་,འཕེལ་བ་དང་ཡོངས་སུ་སྨ,རྣམས་ཀྱི་,OUTLIER/
ff30fc504177455f9eae502b4047e278,ུ་གཅིག་གཅིག་གི་རྐྱེན,གཅིག ,གཅིག ,གཅིག ,ཅིག་ ,།རྟག་པ་མ་ཡིན་མི་རྟག་,གཅིག ,OUTLIER/
5bbf98db2fe34b1896f803dc1f1d283b,་ལ་བརྟེན་པ་སྲེད་པའི་,རླན་,རླན་,བརླན་,བརླན་,གྱིས་བརླན་པ་མ་རིག་པས,རླན་,SIMILAR/
b4fdd0607802477dbd36faa022a73295,ན། སྐྱེ་བའི་གནས་ཉིང་,མཚམས་,མཚམས་,འཚམས་,འཚམས་,སྦྱོར་བ་མའི་མངལ་དེ་ད,མཚམས་,SIMILAR/
f604ddc7dd1e47f8b51b0ef5d9bbf648,ྱིར་སྐྱེ་གནས་སུ་ཉིང་,མཚམས་,མཚམས་,འཚམས་,འཚམས་,སྦྱོར་བ་མའི་མངལ་དེ་ད,མཚམས་,SIMILAR/
4d855871535e4bffb30055ef2f089b57,ི་འདི་སྙམ་དུ་བདག་གིས,མིག་གི་,མིག་གི་,མིག་གིས་,མིག་གི་,རྣམ་པར་ཤེས་པའི་རྟེན་,མིག་གི་,OUTLIER/
8bb4f93a608144d3b484e1f8e8f3741c,་འདི་ནས་ཀྱང་སུ་ཡང་ཤི,འཕོས་པ་,འཕོས་པ་,མོས་པ་,འཕོས་པ་,མེད་ལ་གཞན་དུ་ཡང་མ་སྐ,འཕོས་པ་,OUTLIER/
c27a3469298449f3b4160b37ce681c57,ིར་སྐྱེ་བའི་གནས་ཉིང་,མཚམས་,མཚམས་,འཚམས་,འཚམས་,སྦྱོར་བ་མའི་མངལ་དེ་ད,མཚམས་,SIMILAR/
fbb0d01ce8334e7280a9f12c31952d84,དང་། སྙིང་དང་། རྩིབ་,ལོགས་,ལོགས་,ལོགས་,ལོག་,དང་། སོག་པ་དང་། ལག་པ,ལོགས་,OUTLIER/
10628837be4947aaa7056c9a35fd72fd,་མཆིལ་མ་དང་ཀླད་པ་དང་,ཀླད་,ཀླད་,ཀླད་,ཀླས་,རྒྱས་རྣམས་ཏེ། དེ་ལྟར,ཀླད་,OUTLIER/
70733dc93ad84e99a46560bb80c307d0,སྦྲའི་བློ་གྲོས་ལྡན། ,ང་ཡི་,ང་ཡི་,ང་ཡིས་,ང་ཡི་,ལུས་འདི་གཙང་མར་བྱ་ཞེ,ང་ཡི་,OUTLIER/
30f43e890ecb49eda78b056bf3a56cf0,སྐུས་ཕྱིས་འབབ་སྟེགས་,བརྒྱར་,བརྒྱར་,བརྒྱུར་,བརྒྱར་,ནི་ཁྲུས་བྱས་ཀྱང་། །འ,བརྒྱར་,OUTLIER/
6fb01e796dd04c83866f21f42097f708,པ་ནི། རེ་ཞིག་འཕགས་པ་,གཙུག་,གཙུག་,གཙུག་,བཙུག་,ན་རིན་པོ་ཆེའི་མདོ་ལས,གཙུག་,OUTLIER/
e59feddfc4bc441c9adb0c8304f78282,ང་། ཚོར་བ་མྱོང་བར་རབ,བསྟན་པ,བསྟན་པ,བསྟན་པ,བརྟན་པ,། །ཚོར་བ་ལས་གཞན་ཚོར་,བསྟན་པ,OUTLIER/
6ce61417ffa145cfb363f665f98ec86a,།གང་འདས་པ་ཡང་མ་ཡིན་མ,འོངས་པ་,འོངས་པ་,འདས་པ་,འོངས་པ་,ཡང་མ་ཡིན་ད་ལྟར་བྱུང་,འོངས་པ་,OUTLIER/
63bc549c021b48eab34f8610df499635,ས་རལ་གྱིའི་སོ་དེ་ཉིད,གཅད་པར་,གཅད་པར་,གཅད་པར་,བཅད་པར་,མི་ནུས་པ་དང་སོར་མོའི,གཅད་པར་,OUTLIER/
d97c9cc464494b0ea01461ea0d04f578,ཆོས་ཉིད་ནི་གང་རྣམ་པར,བསྒྲུབ་པ་,བསྒྲུབ་པ་,བསྒྲུབ་པ་,སྒྲུབ་པ་,ནི་གང་ཞེ་ན། སེམས་ནི,བསྒྲུབ་པ་,OUTLIER/
5a89cb87ae984c07bd735bb755b8afa7,ུ་སེམས་ཏེ། སྐྱེ་བ་ན་,ཆས་,ཆོས་,ཆོས་,ཆོས་,རྣམས་ཁོ་ན་སྐྱེ། འགག་,ཆས་,OUTLIER/
19757c49cb7a4417a027d65640315b44,་འབྱོར་པས་ནི་སྟོང་པ་,སྒྱུ་,སྒྱུ་,སྒྱུ་,རྒྱུ་,ལྟར་མཐོང་། །དཔེར་ན་ག,སྒྱུ་,OUTLIER/
8bbde1b588f84c3090a4f04b5e5ec333,ྱས་ཏེ། །འདི་ནི་གང་ནས,འོངས་ལ་,འོངས་ལ་,འོངས་ལ་,འོངས་,གར་སོང་ཞེས། །ཕྱོགས་ད,འོངས་ལ་,OUTLIER/
dcab80149dfc422b98f8ddec159021d2,ང་ཡལ་ག་ཕྲ་མོ་ཐམས་ཅད་,སྐམ་,སྐམ་,སྐམས་,སྐམས་,པར་འགྱུར་རོ། །ཞི་བའི,སྐམ་,ALTERNATIVE/
243484d29f48481bab6a35b4d48cde0b,སུ་འཇིག་རྟེན་གྱི་ཁམས,གང་གཱའི་,གང་གཱའི་,གང་གཱའི་,གང་གའི་,ཀླུང་གི་བྱེ་མ་སྙེད་འ,གང་གཱའི་,SANSKRIT/OUTLIER/
56f65e024fd94ce58386dd5732d3bcf1,་གཱའི་ཀླུང་གི་བྱེ་མ་,སྙེད་,སྙེད་,རྙེད་,སྙེད་,འདའ་བར་འདོད་པ་དང་། ད,སྙེད་,OUTLIER/
605e0b6beee141b3bb8acb74e2121320,ད་ལ་བུད་མེད་ཅེས་རྟོག,གོ། །,གོ། །,གོ།། །།,གོ། །,ཕྱི་རོལ་དུ་བུད་མེད་ལ,གོ། །,OUTLIER/
5ee91ce02b2b4109b2ebf66417b35e21,ང་། ཐེར་སྒྲེ་དག་དང་།, སྤོས་, སྤོས་, སྤོས་,སྤོད་,ཀྱི་ངད་ལྡང་དག་དང་། ག, སྤོས་,OUTLIER/
f26366ef065f41998cea6d2fbfc3a240,ོར་རླུང་གིས་བདས་པའི་,བྱེའུ་,བྱེའུ་,བྱིའུ་,བྱེའུ་,ནི་ལྷག་མ་ཅུང་ཟད་ཀྱང་,བྱེའུ་,OUTLIER/
276c1db309f64e72b57451f001da989d,བས་ཆུ་མིག་དང་ཆུ་བྲན་,རྣམས་,རྣམས་,རྣམ་,རྣམས་,སྐམ་པར་འགྱུར་རོ། །དེ,རྣམས་,OUTLIER/
68ad2d98e420492e9fc76d563a1ada9b, །དེ་ནས་ཉི་མ་ལྔ་འཇིག,རྟེན་དུ་འབྱུང་,རྟེན་དུ་འབྱུང་,རྟེན་འབྱུང་,རྟེན་དུ་འབྱུང་,སྟེ། ཉི་མ་ལྔ་འཇིག་རྟ,རྟེན་དུ་འབྱུང་,OUTLIER/
56e138668fc64df695796d7bac2f42d7,ས་སུ་ཟད་ཅིང་ཡོངས་སུ་,འགྲིབ་,འགྲིབ་,འགྲི་,འགྲིབ་,པར་འགྱུར་རོ། །དཔག་ཚད,འགྲིབ་,OUTLIER/
c96aa2f5af6240b2951897306eef35fe,་པར་འགྱུར་བ་དང་། ཤིང,ཏ་ལ་,ཏ་ལ་,ཏཱ་ལ་,ཏཱ་ལ་,གཉིས་ཙམ་ནས་མཆན་ཁུང་ན,ཏ་ལ་,SANSKRIT/
4099251ea47a4c2f9649fea3253a9f4e,་སམ། གླིང་ངམ། རྩྭའི་,གཏོས་,གཏོས་,གཏོགས་,གཏོས་,སམ། ནགས་སམ། ཤིང་ངམ། ,གཏོས་,OUTLIER/
8d07712c2eac4437a0ebdf8305631157,ང་ཟིན་པའོ། །དེ་ཡང་གང,ཞེ་ན,ཞེ་ན,ཞེ་ནས,ཞེ་ན,། འདི་ལྟ་སྟེ། གྱེན་ད,ཞེ་ན,OUTLIER/
b3b8dbd00ef74f47a82fa3163e1bc3f0,ག །རྩིག་པའི་ཁ་དག་དང་,རིའི་,རིའི་,རའི་,རིའི་,རྩེ་མོ་དག་ཀྱང་བསྙིལ་,རིའི་,OUTLIER/
7a7908e9f6ff42368c2ed7c7e3fda565,་ཁ་དག་དང་རིའི་རྩེ་མོ,དག་ཀྱང་,དག་ཀྱང་,ཀྱང་,དག་ཀྱང་,བསྙིལ་ཞིང་བསྙིལ་ནས་ར,དག་ཀྱང་,OUTLIER/
1bf1426eca014d8e91469ec33f2a7e82,ཀྱང་ཐམས་ཅད་དུ་སོང་བར,བལྟ་བར་,བལྟ་བར་,བལྟ་བར་,ལྟ་བར་,བྱའོ། །རྒྱལ་པོ་ཆེན་པ,བལྟ་བར་,OUTLIER/
74ff1124108247eba2a22fd1cc90c647,་གང་དུ་ཡང་མ་མཆིས་ཏེ།, དེའི་,དེ་ཅིའི་,དེ་ཅིའི་,དེ་ཅིའི་,སླད་དུ་ཞེ་ན། ནམ་མཁའི, དེའི་,OUTLIER/
be6d1e0758d04a3c8a5184b0a9af0e4d, ཕྱི་རོལ་ན་ཡང་མ་ཡིན།,གཉི་ག་,གཉི་ག་,གཉིས་ཀ་,གཉིས་ཀ་,མེད་པར་ཡང་མ་ཡིན་ནོ། ,གཉི་ག་,SIMILAR/
140cd914cdfd4eff8023cb3e71d7510f,་ན་ཉལ་ཉལ་བ་ལས་སད་པའི,ཡུལ་གྱི་,ཡུལ་གྱི་,ཡུལ་གྱིས་,ཡུལ་གྱི་,བཟང་མོ་དང་འདྲ་བར་ཡིད,ཡུལ་གྱི་,OUTLIER/
f4a8afdb43c54ae19eac0f5e5eed8e83,་པ་ཐ་མས་སྟོང་། ལས་ནི,ལས་ཀྱིས་,ལས་ཀྱིས་,ལས་ཀྱིས་,ལས་ཀྱི་,སྟོང་། རྣམ་པར་ཤེས་པ་,ལས་ཀྱིས་,OUTLIER/
0b1dfecd00ca4fb8862e918f9d90ad6e,ང་ཡོད་དེ།དེ་ལ་མིང་གི,བརྡ་ཙམ་མ་,བརྡ་ཙམ་མ་,བརྡ་ཙམ་མ་,བརྡ་ཙམ་,གཏོགས་པར་བྱེད་པ་པོའམ,བརྡ་ཙམ་མ་,OUTLIER/
7edbd879348f4015bcb0d4b15ae19267,ོ་དེ་གླུ་དང་རོལ་མོའི,སྒྲ་ལ་,སྒྲ་ལ་,སྒྲ་ལ་,སྒྲ་,མངོན་པར་ཞེན་པའི་མི་ད,སྒྲ་ལ་,OUTLIER/
89bf43f70e7f4fa69b1bb52a0c4102db,ིའི་སླད་དུ་ཞེ་ན། རྨི,ལམ་ན་,ལམ་ན་,ལམ་ན་,ལམ་མ་,མཐོང་བའི་ཡུལ་གྱི་བུད,ལམ་ན་,OUTLIER/
d3114706baa541d7b539857091dc8842,ག་ལྷ་དང་བཅས་པའི་འཇིག,རྟེན་གྱི་,རྟེན་གྱི་,རྟེན་གྱིས་,རྟེན་གྱི་,མིག་དང་། སྒྲོན་མ་དང་,རྟེན་གྱི་,OUTLIER/
485fb28fdf4f44a6969ed1e1036190c7,ཁ་ཟས་རོ་བརྒྱ་ཟོས་པས་,འགྲངས་,འགྲངས་,འདྲངས་,འདྲངས་,འགྱུར་བ། །དེ་ལ་བཀྲེས,འགྲངས་,ALTERNATIVE/
33f47d6a8c614a49bf425740532cd0b7,ན་ལག་སྟོང་། །མི་དབང་,ཁྱེད་,ཁྱེད་,ཁྱོད་,ཁྱོད་,ཀྱིས་དེ་བཞིན་ཆོས་ཀུན,ཁྱེད་,SIMILAR/
d2b085b2304f4bea8bd19e92b0a1e5d4,ི་འགྱུར་ཏེ། །མི་དབང་,ཁྱེད་,ཁྱེད་,ཁྱོད་,ཁྱོད་,ཀྱིས་དེ་བཞིན་ཆོས་ཀུན,ཁྱེད་,SIMILAR/
cf753e858919439c81b0f39f7b5a8ba6,བོ་མི་མཆོག་མཆོད་འོས་,ཁྱོད་,ཁྱོད་,ཁྱེད་,ཁྱེད་,ལ་མཆོད་པར་འཚལ། །ཐུབ་,ཁྱོད་,SIMILAR/
dc3e9d9c4f83438c9096e82a2121ad32,ི་ཇི་བཞིན་འཚལ། །དེས་,ན་,ན་,ན་,ནི་,མི་མཆོག་ཁྱོད་ལ་མཆོད་,ན་,OUTLIER/
82c33f98038349658d2b38f2965f12d4,ེ་བར་གཤེགས་པ་སྐྱོབ་ལ,མཆོད་པར་,མཆོད་པར་,མཆོད་པ་,མཆོད་པར་,བགྱིས། །སྡུག་བསྔལ་ཞི,མཆོད་པར་,OUTLIER/
9b64dc18ffaf4ea7a9b5f6a5d644d7dc,ུངས་པ། མིག་ནི་མིག་གི,རང་བཞིན་དང་,རང་བཞིན་དང་,རང་བཞིན་དང་,རང་བཞིན་,བྲལ་བ། ཁམས་ནི་ཁམས་ཀྱ,རང་བཞིན་དང་,OUTLIER/
26d46a3273744539abb9d6648dd555e7,སྟེ། འདི་ལྟར་མིང་དུ་,གདགས་,གདགས་,གདག་,གདགས་,པར་བས་ཀྱི་དོན་དམ་པར་,གདགས་,OUTLIER/
a6b2a75dbe5f4be4a61cf4747741b0fd,་སྟོང་པར་ཡང་མི་དམིགས,ཆད་པར་,ཆད་པར་,ཆད་པ་,ཆད་པར་,ཡང་མི་དམིགས་སོ། །དེ་,ཆད་པར་,OUTLIER/
109adcb0fca44c8c818c5b3484d2afce,དམ་པར་ནི་མིག་ཀྱང་མི་,,,པ་,,ཞེས་བྱ་བའོ། །ཡང་དེ་ཉ,,OUTLIER/
ef0636043a48454b9fffb75f545fa010,ལ་བས་དེ་ལུང་བསྟན་མི་,གསུངས,གསུངས,གསུང་,གསུངས,། །ཅི་ཕྱིར་ཞེ་ན་འདི་,གསུངས,OUTLIER/
02a3b11734c541c7a48099127c3435de,ང་རྟའི་བྱ་བ་བཞིན་དུ་,རྟོགས,རྟོགས,རྟོག,རྟོགས,། །ངས་ནི་ལས་ཀྱི་རྣམ་,རྟོགས,OUTLIER/
6c53e011680e456796e1d7e3d69f2458,ྣམས་ན་མེད། །ཤིང་རྣམས,རླུང་གིས་,རླུང་གིས་,རླུང་གིས་,རླུང་གི་,བསྒུལ་བ་ལས། །མེ་འབྱུ,རླུང་གིས་,OUTLIER/
72aba84455d542dd801be2d780657016,ས་ཀྱི་ཆོས་ཐམས་ཅད་ནི་,སྐྱེའོ་,སྐྱེའོ་,སྐྱེ་བོ་,སྐྱེའོ་,འགག་གོ་ཞེས་གསུངས་ན་ད,སྐྱེའོ་,OUTLIER/
b4bd6723b40b4eb18f0716956cf16fcc,ོད་པ་དང་གཞན་ལ་བརྙས་པ,སྤང་བས་,སྤང་བས་,སྤངས་པས་,སྤང་བས་,སོ། །འདི་ཉིད་ཀྱི་རྩ་,སྤང་བས་,OUTLIER/
c05695bb042b4e0987f37dc749e5561f,འ་ནི་ལུས་ལ་རྨ་བྱུང་བ,དང་སེམས་ལ་,དང་སེམས་ལ་,དང་སེམས་ལ་,དང་སེམས་,རྨ་བྱུང་བར་རྙེད་པ་ཚོ,དང་སེམས་ལ་,OUTLIER/
5388c1f1268a477287932f8293a529b0,་ལ་རེ་བ་མེད་པ་དེ་ལྟར,རྣམ་པར་,རྣམ་པར་,རྣམ་པ་,རྣམ་པར་,ཤེས་པ་དང་བྲལ་བའི་ཕྱི,རྣམ་པར་,OUTLIER/
fdc230ce74a842d1879b72672355b404,ི་ལྟ་སྟེ་དཔེར་ན་ཤིང་,སཱ་,སཱ་,ས་,ས་,ལ་ཆེན་པོའི་ཚལ་ཡོད་པར,སཱ་,SANSKRIT/
127354ec39ef451895b825dc1001eb69,ལ་ལ་ཞིག་འོངས་ཏེ་ཤིང་,སཱ་,སཱ་,ས་,ས་,ལ་བཅད་ན། དེ་ལ་ཤིང་སཱ,སཱ་,SANSKRIT/
35c6f4d9c1d8464db38b2e5725c750ca,ཱ་ལ་བཅད་ན། དེ་ལ་ཤིང་,སཱ་,སཱ་,ས་,ས་,ལ་བཅད་པའི་ལྷག་མ་རྣམས,སཱ་,SANSKRIT/
25191111399547dd9e26f7e3ca656218,་ཚང་བ་མེད་པ་དང་། བྱང,ཆུབ་ཀྱི་,ཆུབ་ཀྱི་,ཆུབ་ཀྱིས་,ཆུབ་ཀྱི་,སེམས་སེམས་ཅན་ལ་ལྟ་བ་,ཆུབ་ཀྱི་,OUTLIER/
dd7b3d29c1c54a9bb40b72f0c0113f78,། རང་གི་མཚན་ཉིད་ཀྱིས,བེམས་པོ་,བེམས་པོ་,བེམ་པོ་,བེམ་པོ་,དང་། བྱིན་གྱི་རླབས་བ,བེམས་པོ་,SIMILAR/
1c04b3891eb34505a34885e7c5649fb7, ཉེ་བར་ཞི་བས་བསིལ་བར,གྱུར་པ་,གྱུར་པ་,འགྱུར་བ་,གྱུར་པ་,དང་། སེམས་ཅན་ཡོངས་སུ,གྱུར་པ་,OUTLIER/
5bfa6b36112d497494219c5c25d7afb1,པ་བསྐྱེད་མ་ཡིན། །དེ་,ཕྱིར་,ཕྱིར་,ཕྱིར་,ཅིར་,འདི་ནི་འཕེལ་བར་བྱ། །,ཕྱིར་,OUTLIER/
1ced510821ae465caf704c466a118bef,བྱ་བ་ལ་སོགས་པའོ། །དེ,བསྐྱེད་པ་,བསྐྱེད་པ་,བསྐྱེད་པ་,སྐྱེད་པ་,ཇི་ལྟ་བུ་ཞེ་ན། གང་འཕ,བསྐྱེད་པ་,OUTLIER/
54385f0ce006422d859579f29114705c,་མདོ་ལས་ཀྱང་མ་སྐྱེས་,དགྲས,དགྲས,འགྲས,དགྲས,། འཕགས་པ་ལག་ན་རྡོ་རྗ,དགྲས,OUTLIER/
20a22ad9a4a345d9ac1b08132afdd072,་དང་སེམས་ཅན་ཐམས་ཅད་ལ,འདུད་ཅིང་ང་,འདུད་ཅིང་ང་,འདུད་ཅིང་ང་,འདུད་ཅིང་,རྒྱལ་འཕེལ་བར་མི་བྱེད,འདུད་ཅིང་ང་,OUTLIER/
6a4912401d214bdba4f34dcaae435265,བསམ་པའི་སྟོབས་རབ་ཏུ་,བརྟན་,བརྟན་,རྟན་,བརྟན་,པར་བྱེད། འདས་པའི་འདོ,བརྟན་,OUTLIER/
73c427efd36a40848ee006fd2fc74c54,་ཉིད་བྱེད་དོ། །རང་གི,སྟོབས་ཀྱིས་,སྟོབས་ཀྱིས་,སྟོབས་ཀྱིས་,སྟོབས་ཀྱི་,འཕགས་སོ། །དེ་དེ་ལྟར་,སྟོབས་ཀྱིས་,OUTLIER/
f945793203fc42f19764a113f3f76ea8,ས་ཐོབ་པར་མི་འགྱུར་བ་,,,ནི་,,བདག་གིས་ཡོངས་སུ་ཐོབ་,,OUTLIER/
c303a3d883d04b46a3e542ae12a07f0e,མས་ཅན་འཁུ་བའི་ངང་ཚུལ,ཅན་གྱི་,ཅན་གྱི་,ཅན་གྱིས་,ཅན་གྱི་,ཉེས་པས་མི་ལྡོག་གོ། །,ཅན་གྱི་,OUTLIER/
3616c4f5be5943e8a8c37740f76b739c,ཉིད་ཀྱིས་སེམས་ཅན་ཐམས,ཅད་ཀྱི་,ཅད་ཀྱི་,ཅད་ཀྱི་,ཅད་ཀྱིས་,སྡུག་བསྔལ་གྱི་ཕུང་པོ,ཅད་ཀྱི་,OUTLIER/
1746ca922712424c8eadbc158104d4fc,ྙེད་ཅིག་ཏུ་གོ་ཆ་བགོའ,། །བསྐལ་པ་འདི་སྙེད་ཅིག་ཏུ་གོ་ཆ་མི་བགོའོ,། །བསྐལ་པ་འདི་སྙེད་ཅིག་ཏུ་གོ་ཆ་མི་བགོའོ,། །,། །,། །ཞེས་བསྐལ་པ་བགྲངས་,། །བསྐལ་པ་འདི་སྙེད་ཅིག་ཏུ་གོ་ཆ་མི་བགོའོ,PUNCT/
684769e8cf4648bb9092f8456d6d6a51,ུབ་སེམས་དཔའ་སེམས་ཅན་,དམུ་,དམུ་,མུ་,དམུ་,རྒོད་སེམས་ཅན་གདུལ་དཀ,དམུ་,OUTLIER/
83cb2d6a5cff49b68dbf0d8cc28a9f61,ེ། དཔེར་ན་གང་ལ་འཚོ་བ,མཆིས་པ་,མཆིས་པ་,མཆིས་,མཆིས་པ་,དེ་ལ་རྙེད་པ་མཆིས་སོ།,མཆིས་པ་,OUTLIER/
f2c19f547b8e4f2d9f5d9d24e90a3d5e,། འཕགས་པ་བློ་གྲོས་མི,ཟད་པའི་,ཟད་པའི་,ཟད་པའི་,བཟད་པའི་,མདོ་ལས། བསམ་པ་དེ་ཡང་,ཟད་པའི་,OUTLIER/
aeca42bc88de455f88ba8a616626a8f7,ྒོད་རྣམས་ལ་གསལ་བའོ། ,གཡོ་ཅན་,གཡོ་ཅན་,གཡོན་ཅན་,གཡོན་ཅན་,རྣམས་ལ་གཡོ་མེད་པའོ། ,གཡོ་ཅན་,SIMILAR/
ed9e05c7bb8849f598ead28c0e6ab6f1,པར་བྱེད་པའི་ཆོས་རྣམས,རང་རང་,རང་རང་,རང་,རང་,གི་བྱ་བ་ལ་རབ་ཏུ་འཇེབ,རང་རང་,SIMILAR/
557bba07fa5a4d7d8a6cfe02da52649e, །འཕགས་པ་བློ་གྲོས་མི,ཟད་པའི་,ཟད་པའི་,ཟད་པའི་,བཟད་པའི་,མདོ་ལས་ཀྱང་། བཙུན་པ་,ཟད་པའི་,OUTLIER/
0ede33cae95d4ea4a6a430f1f091eb3f,་མདོ་ལས་ཀྱང་། བཙུན་པ,ཤ་ར་དྭ་,ཤ་ར་དྭ་,ཤཱ་ར་དྭཱ་,ཤཱ་ར་དྭཱ་,ཏིའི་བུ་འདི་ལྟ་སྟེ། ,ཤ་ར་དྭ་,SANSKRIT/
392a9cf6d0e64477a78f9fe8e329cd93,་དང་ཡེ་ཤེས་ཀྱི་ཚོགས་,བསག་,བསག་,གསག་,གསག་,པར་བྱ་བ་རྣམ་པ་ཇི་ལྟ་,བསག་,SIMILAR/
0a806733eac84b03a1183b15485cd8aa,ེ། འཁོར་བ་རྒྱུན་གྱིས,བདས་པ,བདས་པ,འདས་པ,བདས་པ,། སྲིད་པའི་ཀླུང་དུ་ཞ,བདས་པ,OUTLIER/
0d16e8bf2ba44d50aeb71a4a89610035,དག་བདག་གིས་སྙིང་རྗེ་,,ཆེན་,,,པོ་དང་དགེ་བའི་རྩ་བའི,,OUTLIER/
f42d9033cb4c411b8a486a57c938338f,། །དེ་ལྟར་བརྩོན་པ་དང,བསམ་པ་དང་,བསམ་པ་དང་,བསམ་པ་དང་,བསམ་གཏན་,སྙིང་རྗེ་གཅིག་གིས་གཅ,བསམ་པ་དང་,OUTLIER/
40a1771d27744e0094bd5d0d8366fca5,དང་། ཇི་ལྟར་སྟོན་པའི,བསྟོད་པ་,བསྟོད་པ་,བསྟོད་པ་,སྟོད་པ་,དང་། བཟང་པོ་སྤྱོད་པ་,བསྟོད་པ་,OUTLIER/
09628b489f7046348fa04678a5f9c853,པ་ཕྱོགས་བཅུ་ན་རྣམ་པར,གནས་པ་ང་,གནས་པ་ང་,གནས་པ་ང་,གནས་པར་,ཡིར་བྱ་བ་མེད་པ་ཡོངས་,གནས་པ་ང་,OUTLIER/
3e956ad2a7aa47989ef0d018a7f4dc44,ས་ཡོངས་སུ་དག་པ་རྣམས་,ན་,ན་,ན་,ནི་,ཡོད་པ་མཆོག་ཏུ་ཉམས་དག,ན་,OUTLIER/
4b0214d350d84ca387215dc939f08dfe, ཕ་རོལ་ཏུ་ཕྱིན་པ་ཐམས,ཅད་ཀྱིས་,ཅད་ཀྱིས་,ཅད་ཀྱིས་,ཅད་ཀྱི་,བསྡུས་པ། ས་ཡོངས་སུ་ས,ཅད་ཀྱིས་,OUTLIER/
f471de6332c443b298d1bec160ebd217,ད་དུ་རྒྱུན་མི་འཆད་པར,མངོན་པར་,མངོན་པར་,མངོན་,མངོན་པར་,བསྒྲུབ་པའི་སྨོན་ལམ་ཆ,མངོན་པར་,OUTLIER/
2fe1c67f9aca480faedca35066de52e7,གྲོ་བ་བགྲངས་པ་ཐམས་ཅད,གཅད་པ་,གཅད་པ་,གཅད་པ་,བཅད་པ་,དང་ཐམས་ཅད་མཁྱེན་པའི་,གཅད་པ་,OUTLIER/
c71feb92ef0146a3aec4febd416111c9,ཁམས་ཀྱི་མཐས་གཏུགས་པ།,ཕྱི་མའི་མཐའི་,ཕྱི་མའི་མཐའི་,ཕྱི་མའི་མཐའི་,ཕྱི་མའི་,མུར་ཐུག་པ། བསྐལ་པ་བག,ཕྱི་མའི་མཐའི་,OUTLIER/
ace2c2cb07304448a0cbead0e06c1f38,་བ་བཞིན་དུ་ཡང་དག་པར་,བསྟན་,བསྟན་,སྟན་,བསྟན་,ཅིང་ཤིན་ཏུ་ཚིམ་པར་བྱ,བསྟན་,OUTLIER/
7e4adb82f1bb4d9389084d96e80c037d,པར་རྒྱ་ཆེ་བ། ནམ་མཁའི,ཁམས་ཀྱི་,ཁམས་ཀྱི་,ཁམས་ཀྱིས་,ཁམས་ཀྱི་,མཐས་གཏུགས་པ། ཕྱི་མའི,ཁམས་ཀྱི་,OUTLIER/
d052a92ddbed4e5994bf08f5a64c3424,པར་རྒྱ་ཆེ་བ། ནམ་མཁའི,ཁམས་ཀྱི་,ཁམས་ཀྱི་,ཁམས་ཀྱིས་,ཁམས་ཀྱི་,མཐས་གཏུགས་པ། ཕྱི་མའི,ཁམས་ཀྱི་,OUTLIER/
2d59f27fd91c4a5d82fef057483c75fe,ད་པའི་སྟོབས་རྒྱུན་མི,གཅད་པ་,གཅད་པ་,གཅད་པ་,བཅད་པ་,དང་། ཡེ་ཤེས་ཆེན་པོས་,གཅད་པ་,OUTLIER/
3490a7bacf884e72ae85ae7e0607e52b,ར་རྫོགས་པར་བྱང་ཆུབ་པ,བགྲངས་པ་,བགྲངས་པ་,བགྲང་བ་,བགྲངས་པ་,ཐམས་ཅད་དུ་ཐེག་པ་ཆེན་,བགྲངས་པ་,OUTLIER/
c770d578fe04403e90c220a62bee167b,ཀྱི་བཅིང་བའི་འཇིགས་པ,བཅད་པ་,བཅད་པ་,གཅད་པ་,བཅད་པ་,དང་། སེམས་ཅན་ཐམས་ཅད་,བཅད་པ་,OUTLIER/
317c0b1d2848442e9c07fc544bf62d0a,དེས་བསོད་ནམས་འཕེལ་བར,འགྱུར་བར་ཅི་མངོན་ཞེ་ན། འཕགས་པ་སྤྱན་རས་གཟིགས་ཀྱི་མདོ་ལས་ཤེས་ཏེ། དེ་ལས་འདི་སྐད་དུ། ངས་ནི་གང་དག་བསྟན་པ་ཡི། །མི་ཁོམ་བརྒྱད་པོ་དེ་དག་སྤོང་། །སངས་རྒྱས་འབྱུང་བ་རབ་མཛེས་པ། །མཉེས་པར་བྱེད་འདི་དལ་བ་གཅིག །མདོག་ལྡན་གཟུགས་ནི་ཕུན་སུམ་ཚོགས། །མཚན་གྱིས་ལེགས་པར་བརྒྱན་པ་དང་། །མཐུ་དང་སྟོབས་དང་ལྡན་པར་འགྱུར། །ལེ་ལོ་ཅན་དུ་དེ་མི་འགྱུར། །དེ་ནི་ཕྱུག་,འགྱུར་བར་ཅི་མངོན་ཞེ་ན། འཕགས་པ་སྤྱན་རས་གཟིགས་ཀྱི་མདོ་ལས་ཤེས་ཏེ། དེ་ལས་འདི་སྐད་དུ། ངས་ནི་གང་དག་བསྟན་པ་ཡི། །མི་ཁོམ་བརྒྱད་པོ་དེ་དག་སྤོང་། །སངས་རྒྱས་འབྱུང་བ་རབ་མཛེས་པ། །མཉེས་པར་བྱེད་འདི་དལ་བ་གཅིག །མདོག་ལྡན་གཟུགས་ནི་ཕུན་སུམ་ཚོགས། །མཚན་གྱིས་ལེགས་པར་བརྒྱན་པ་དང་། །མཐུ་དང་སྟོབས་དང་ལྡན་པར་འགྱུར། །ལེ་ལོ་ཅན་དུ་དེ་མི་འགྱུར། །དེ་ནི་ཕྱུག་,འགྱུར་བར་ཅི་མངོན་ཞེ་ན། འཕགས་པ་སྤྱན་རས་གཟིགས་ཀྱི་མདོ་ལས་ཤེས་ཏེ། དེ་ལས་འདི་སྐད་དུ། ངས་ནི་གང་དག་བསྟན་པ་ཡི། །མི་ཁོམ་བརྒྱད་པོ་དེ་དག་སྤོང་། །སངས་རྒྱས་འབྱུང་བ་རབ་མཛེས་པ། །མཉེས་པར་བྱེད་འདི་དལ་བ་གཅིག །མདོག་ལྡན་གཟུགས་ནི་ཕུན་སུམ་ཚོགས། །མཚན་གྱིས་ལེགས་པར་བརྒྱན་པ་དང་། །མཐུ་དང་སྟོབས་དང་ལྡན་པར་འགྱུར། །ལེ་ལོ་ཅན་དུ་དེ་མི་འགྱུར། །དེ་ནི་ཕྱུག་,ཕྱུགས་,ཅིང་ནོར་ཆེར་འགྱུར། །,འགྱུར་བར་ཅི་མངོན་ཞེ་ན། འཕགས་པ་སྤྱན་རས་གཟིགས་ཀྱི་མདོ་ལས་ཤེས་ཏེ། དེ་ལས་འདི་སྐད་དུ། ངས་ནི་གང་དག་བསྟན་པ་ཡི། །མི་ཁོམ་བརྒྱད་པོ་དེ་དག་སྤོང་། །སངས་རྒྱས་འབྱུང་བ་རབ་མཛེས་པ། །མཉེས་པར་བྱེད་འདི་དལ་བ་གཅིག །མདོག་ལྡན་གཟུགས་ནི་ཕུན་སུམ་ཚོགས། །མཚན་གྱིས་ལེགས་པར་བརྒྱན་པ་དང་། །མཐུ་དང་སྟོབས་དང་ལྡན་པར་འགྱུར། །ལེ་ལོ་ཅན་དུ་དེ་མི་འགྱུར། །དེ་ནི་ཕྱུག་,OUTLIER/
bbdadcbee6e343f5a1806748687c7ac7,དམ་པ་སྤྱད་ནས་ཁྱད་པར་,བརྙེས་,བརྙེས་,བསྙེས་,བརྙེས་,གྱུར་པ། །མི་ཡི་ཁྱུ་མ,བརྙེས་,OUTLIER/
c340a20dfbc5403e876b9de671293b40,་མེད་རང་བཞིན་འགྱུར། ,མི་ཡི་,མི་ཡི་,མི་ཡིས་,མི་ཡི་,ནང་ནས་ཤི་འཕོས་ནས། །ས,མི་ཡི་,OUTLIER/
de487474c320495ba651be4817899bd5,འགྱུར། །དེ་ཡི་ཤེས་པ་,རྣམས་,རྣམས་,ནམས་,རྣམས་,ཀྱང་ཉམས་པ་མེད། །རོལ,རྣམས་,OUTLIER/
4f232c995bc14858a3c1b1ed2756bdf3,།དེ་སྒྲ་ཡན་ལག་ཚང་ཞིང,དག་པར་,དག་པར་,དག་པ་,དག་པར་,འོང་། །བཅོམ་ལྡན་མཆོད,དག་པར་,OUTLIER/
bd92fb53eea94b0f8ebb92963a62df54,་འདྲ། །སྒྲ་སྐད་ཡན་ལག,བྱེ་བ་,བྱེ་བ་,བྱ་བ་,བྱེ་བ་,དཔག་མེད་འབྱིན། །བཅོམ,བྱེ་བ་,OUTLIER/
5f2bcb9517d044cfb286cf60ddbec8b9,ང་། །མཛེས་ལ་མཚན་གྱིས,གོ་ཆར་,གོ་ཆར་,གོ་ཆར་ཆེར་,གོ་ཆར་,བྱས་པར་འགྱུར། །བཅོམ་,གོ་ཆར་,OUTLIER/
d2af44774b68494fb7cee12592863634,ན། །བག་ཡོད་བློ་གྲོས་,བརྟན་,བསྟན་,བརྟན་,བརྟན་,ལ་དཔའ་བོར་འགྱུར། །འད,བརྟན་,OUTLIER/
1b8c828f65524b9cb79bf82e6551d368,ྱུར། །རྣམ་དག་ལུས་ལྡན,རྒྱན་གྱིས་,རྒྱན་གྱིས་,རྒྱན་གྱིས་,རྒྱན་གྱི་,བརྒྱན་པར་འགྱུར། །ལྷ་,རྒྱན་གྱིས་,OUTLIER/
afd961b15b4b40a98965551732613c9e,ྷ་ཡི་མེ་ཏོག་རབ་མཛེས་,མནྡ,མནྡ,མན་དཱ་,མན་དཱ་,ར། །མཚུངས་མེད་པ་ཏ་ལ་,མནྡ,SANSKRIT/
44272482978746e187577c00d1bd2e49,ྡན་མཆོད་འོས་འགྱུར། །,དབུགས་,དབུགས་,དབུ་,དབུགས་,ཕྱིན་ཐོབ་ནས་འཇིག་རྟེ,དབུགས་,OUTLIER/
67b4a24a047b472ca0ebc42863b144b2,་དེ་དག་ལ་ཡང་སོ་སོ་ནས,གང་གཱའི་,གང་གཱའི་,གང་གཱའི་,གང་གའི་,ཀླུང་གི་བྱེ་མ་སྙེད་ཀ,གང་གཱའི་,SANSKRIT/OUTLIER/
5ce5e01f94fb4633bde2f7038b0d4f7c,ས། བྱང་ཆུབ་སེམས་དཔའ་,ཁྱིམ་,ཁྱིམ་,འཁྱིམ་,ཁྱིམ་,གྱི་གནས་ནས་མངོན་པར་བ,ཁྱིམ་,OUTLIER/
e3579952de514da48889a0de76656d0c,་འགྱུར་བ་སྟེ། བཞི་པོ,འདི་དག་,འདི་དག་,དེ་དག་,དེ་དག་,གོ་ཞེས་སོ། །འདི་ནི་ད,འདི་དག་,SIMILAR/
95987a7f62b9483da5aba8ab61ba4d4f,་བཅུ་པོ་དེ་དག་གོ་ཞེས,བྱ་བའོ,བྱ་བའོ,བྱའོ,བྱ་བའོ,། །རྗེས་སུ་ཡི་རང་བའི,བྱ་བའོ,OUTLIER/
bdb6fe1473134e15994c499ef66980b1,་མཆོད་པར་བྱ་བར་འགྱུར,རྗེད་པར་,རྗེད་པར་,རྗེད་པར་,རྗོད་པར་,འགྱུར་གསོལ་བར་འགྱུར་,རྗེད་པར་,OUTLIER/
eaacbc705ab3485cae11001a227c30a9,ཛིན་དང་། ཤེས་རབ་དང་།,རྣམ་པར་གྲོལ་བ་དང་། རྣམ་,རྣམ་པར་གྲོལ་བ་དང་། རྣམ་, རྣམ་,རྣམ་པར་གྲོལ་བ་དང་། རྣམ་,པར་གྲོལ་བའི་ཡེ་ཤེས་མ,རྣམ་པར་གྲོལ་བ་དང་། རྣམ་,OUTLIER/
5366992981f24f19b74f4f28d9c28514,ར་རྗེས་སུ་ཡི་རང་བའི་,མོད་,མོད་,མདོ་,མོད་,ལས་སྐྱེས་པའི་བསོད་ནམ,མོད་,OUTLIER/
66d96594c55e4007abab2d37543e5898,ུས་པ་ལས། ཆོས་ཡོངས་སུ,གཟུང་བར་,གཟུང་བར་,བཟུང་བར་,གཟུང་བར་,བྱ་བའི་ཕྱིར་སངས་རྒྱས,གཟུང་བར་,OUTLIER/
6f5cdb3b3e6848d6adeaa8f5ab6cb17e,འུ་སྟེ་བཅུ་བདུན་པའོ།, །, །,།། །།,།། །།,བཟང་པོ་སྤྱོད་པ་ལ་སོག, །,PUNCT/
ee9fcdc620fc411783c48d12c80fc451,ལས་ཇི་སྐད་དུ། བཙུན་པ,ཤ་ར་དྭ་,ཤ་ར་དྭ་,ཤཱ་ར་དྭཱ་,ཤཱ་ར་དྭཱ་,ཏིའི་བུ་གཞན་ཡང་བྱང་ཆ,ཤ་ར་དྭ་,SANSKRIT/
4574efc9eee34b9b93048f26d6c96514,ེག་པ་གཞན་ལ་འདོད་པ་མི,བསྐྱེད་པ་,བསྐྱེད་པ་,བསྐྱེད་པ་,སྐྱེད་པ་,དང་། ཆོས་ཐམས་ཅད་ལ་དོ,བསྐྱེད་པ་,OUTLIER/
787f633eb2a54a8980b796a1e1162b63,ོག་པར་ཤེས་ཤིང་སོ་སོར,རང་གིས་,རང་གིས་,རང་གིས་,རང་གི་,ཤེས་པ་འདི་ནི་ཤེས་རབ་,རང་གིས་,OUTLIER/
74f6f9504b724c64a7e0666f9fac67e5,སོ་སོར་རང་གིས་ཤེས་པ་,འདི་,འདི་,དེ་,འདི་,ནི་ཤེས་རབ་ཀྱི་དབང་པོ,འདི་,OUTLIER/
2e41596dc3d24925a886fc5d075b31ca,་པོ་དེ་དག་གིས་ཉེ་བར་,བསྟན་,བསྟན་,བརྟན་,བསྟན་,ནས་བདུད་ཐམས་ཅད་ཀྱིས,བསྟན་,OUTLIER/
e615afbfad22469daaeedb9e39f44eb8,དུ། །བྱེ་བ་ཁྲག་ཁྲིག་,དཀྲིགས་,དཀྲིགས་,དཀྲིས་,དཀྲིགས་,པའི་ཞིང་དག་ན། །མཆོད་,དཀྲིགས་,OUTLIER/
0a3bcd5dee1a4083b088e56ca4aea9ea,ྱིས་ཟིལ་དུ་བརླག །ཨེ་,ནའི་,ནའི་,ཎེའི་,ཎེའི་,བྱིན་པ་མཉམ་མེད་བཅོམ་,ནའི་,SANSKRIT/
3bcd357a1e3d4e3e906d38af75c2e9a5,ལ། །མཆོག་ཏུ་དགའ་མཛད་,ཁྱོད་,ཁྱོད་,ཁྱེད་,ཁྱེད་,ལ་ཕྱག་འཚལ་ལོ། །ཐུབ་པ,ཁྱོད་,SIMILAR/
bc09353efe1a4e36b78e9a6cf472b00b,འགྲོ་ལ་ཕན་བགྱིད་པ། །,ཕྱུག་,ཕྱུག་,ཕྱུག་,ཕྱུགས་,ཅིང་ནོར་ཆེ་འབྱོར་པ་ཆ,ཕྱུག་,OUTLIER/
62e5dcafb1d241a69d4551b71f67910c,་འདི་ནི་ངན་པའི་ལམ་ལས,ཟློག ,ཟློག ,ཟློག ,བཟློག་ ,།བཅོམ་ལྡན་འགྲོ་བ་དག་,ཟློག ,OUTLIER/
ae103f21676e49bbb7f54d9165ce74e3,ྱོད་ཡུལ་པ། འཁོར་བ་དང,མྱ་ངན་ལས་,མྱ་ངན་ལས་,མྱ་ངན་,མྱ་ངན་ལས་,འདས་པ་ལས་རྣམ་པར་གྲོལ,མྱ་ངན་ལས་,OUTLIER/
bfebb0fb568647a587c548613ff1b492,བསྙེན་བཀུར་བྱེད་པ་མི,ཟློགས་པ,ཟློགས་པ,ཟློགས་པ,བཟློག་པ,། བདག་བདེ་བ་ལ་མི་ལྟ་,ཟློགས་པ,OUTLIER/
c4584db188f0406d98e92154955ffcbb,ད་ཡུལ། ཆོས་ལ་བརྟེན་པ, ཆོས་ཀྱིས་, ཆོས་ཀྱིས་, ཆོས་ཀྱིས་, ཆོས་ཀྱི་,གྲུབ་པ་སྟེ། གང་སངས་ར, ཆོས་ཀྱིས་,OUTLIER/
a6990d4d27094de7b100d96f0942f624,ྐྱེས་པ་ཆོས་ལས་རྙེད་པ,ཆོས་ཀྱིས་,ཆོས་ཀྱིས་,ཆོས་ཀྱིས་,ཆོས་ཀྱི་,གྲུབ་པའོ། །དེ་བས་ན་བ,ཆོས་ཀྱིས་,OUTLIER/
fea75af2a2204940bc514fd1c745cb6f,པ་ཕུན་སུམ་ཚོགས་པ། རང,བཞིན་གྱིས་,བཞིན་གྱིས་,བཞིན་གྱིས་,བཞིན་གྱི་,དྲང་བ། རང་བཞིན་གྱིས་,བཞིན་གྱིས་,OUTLIER/
223f57998b704a4981a47de1ed383a4a,སྤྱོད་པའོ་སྙམ་མོ་ཞེས,བྱ་བ་,བྱ་བ་,བྱ་,བྱ་བ་,ལ་སོགས་པའོ། །དེ་ལ་བྱ,བྱ་བ་,OUTLIER/
d70260dea59742ed842fc92e8cd00f4f,དྲི་མ་མེད་པར་གྲགས་པས,བསྟན་པ་,བསྟན་པ་,བསྟན་པ་,བརྟན་པ་,ལས། བྱང་ཆུབ་སེམས་དཔའ,བསྟན་པ་,OUTLIER/
ac36e82c40704121be5a6ee6bc1c646e,ྱིར་བསྔོའོ། །སྔགས་དང,རིག་པ་,རིག་པ་,རིག་པ་,རིགས་པ་,ཅི་ཡོད་དང་། །བཟོ་གནས,རིག་པ་,OUTLIER/
65f934cdf64b46cf997c2868689fca68,་བྱེད་སེམས་ཅན་རྣམས། ,འཇིགས་པ་,འཇིགས་པ་,འཇིགས་པ་,འཇིག་པ་,མེད་པས་འདིར་མཐོང་ནས།,འཇིགས་པ་,OUTLIER/
62793a66584e411ba7cc1e4bfb8847e6,ི་ཉེ་བར་འགྲོ། །ཡན་ལག,གང་དང་,གང་དང་,གང་དུ་,གང་དང་,གང་རྣམས་ཀྱིས། །སེམས་,གང་དང་,OUTLIER/
9efebfe29f724f8698fc59b55cc632ff,ན་རྣམས་ནི། དཀོན་མཆོག,ཏ་ལ་ལའི་,ཏ་ལ་ལའི་,ཏ་ལའི་,ཏ་ལ་ལའི་,གཟུངས་ལས་ཇི་སྐད་གསུང,ཏ་ལ་ལའི་,OUTLIER/
dd05f2648c9b4a1face80fb60b3dd312,ངས་པ་དེ་ལྟར་བསྒོམ་པར,བྱ་སྟེ།,བྱ་སྟེ།,བྱ་སྟེ།,བྱ་།, མེ་ཏོག་ཕལ་ཆེར་མེ་ཏོ,བྱ་སྟེ།,OUTLIER/
9793127ce7b34076bf270dd8421a0f73,འི་ཡོན་ཏན་ཚུལ་ཁྲིམས་,སྲུང་,སྲུང་,ཀུན་,སྲུང་,སྒོ་དང་། །བཟོད་པ་མི་,སྲུང་,OUTLIER/
0fb7dc14d5fd4397bb95667ab95767e7,།འགྲོ་བ་ཐམས་ཅད་ཡོངས་,སྨིན་,སྨིན་,སྨིན་,མིན་,མཐུན་བྱེད་པ། །དགའ་བད,སྨིན་,OUTLIER/
50bf4172becc48649a7a98320eeee199,ང་སྤོས་ཀྱིས་བསྐུས་པ་,ཡིས,ཡིས,ཡིས,ཡི,། །གཟུགས་རྣམས་བསྟན་པ,ཡིས,OUTLIER/
af303043bf304fa89a8ca44143bab967,པས། །གཟུགས་ཀྱི་བྱིན་,རླབས་,རླབས་,རླབས་,བརླབས་,སྟོབས་ཀྱིས་ཐམས་ཅད་དུ,རླབས་,OUTLIER/
321e9f13e1b64ceb9daa4d099ef337ee,ུ་སྟེགས་ཅན། །གདུང་བ་,གཽ་,གཽ་,གོའུ་,གཽ་,ཏ་མ་དང་མི་སྨྲར་སྤྱོད,གཽ་,SANSKRIT/OUTLIER/
b51013453b614df0b907582a6c11d103,་ལ་ཕྲ་བའི་གཞི་དང་ཐབས,ཚུལ་གྱིས,ཚུལ་གྱིས,ཚུལ་གྱིས,ཚུལ་གྱི,། །དེ་དག་རྣམས་ལ་བདེན,ཚུལ་གྱིས,OUTLIER/
bc765d0e5bb547b08f48e85df5111fd5,།ལ་ལ་དག་ལ་ལྷ་ཡི་གསང་,ཚིག་,ཚིག་,ཚིགས་,ཚིག་,གིས། །ལ་ལ་དག་ལ་ཡི་གེ,ཚིག་,OUTLIER/
58192c7c20d3421b994a848cb59b01cc,བཅོས་ཐུབ་མེད་ཐར་པའི་,ཚིག་,ཚིག་,ཚིགས་,ཚིག་,རྣམས་ཀྱིས། །ལ་ལ་དག་ལ,ཚིག་,OUTLIER/
77e1926e3ca54d19bb7c66e2ade9613b,་བསམ་གྱིས་མི་ཁྱབ་རབ་,བཀྱེ་,བཀྱེ་,ཀྱེ་,བཀྱེ་,སྟེ། །འོད་ཟེར་བཀྱེ་ན,བཀྱེ་,OUTLIER/
060ce11c423d494abb6a5521504a928e,ན་མ་མཛད་པའི་རྒྱལ་བར་,གྱུར,གྱུར,འགྱུར,གྱུར,། །འབྲུ་མར་མར་མེ་མར་,གྱུར,OUTLIER/
72e9d78b99a94dd791aeff12dde7e233,མ་པའི་སྲེད་པ་རྣམ་པར་,སེལ,སེལ,སྲེལ,སེལ,། །རྫིང་དང་ཁྲོན་པ་ཆུ,སེལ,OUTLIER/
d1750b418d404333b0dd679d6585bc69,ིང་། །སེམས་ཅན་གང་དག་,འོད་,འོད་,འོས་,འོད་,དེས་བསྐུལ་བྱས་པ། །རྟ,འོད་,OUTLIER/
12ca976c973d4fd79c20fb56db1dfe3a,སུམ་རྣམས་ལ། །སྦྱོར་བ,སྐྱོ་མེད་,སྐྱོ་མེད་,སྐྱོ་མེད་,སྐྱོན་མེད་,མཆོད་པ་བྱེད་པར་འགྱུར,སྐྱོ་མེད་,OUTLIER/
39b8e5695d584fe08cc3f38296e37697,བརྟུན་པར་ལྡན་པའི་འོད,ཐོབ་པོ,ཐོབ་པོ,ཐོབ་པོ,འཐོབ་པོ,། །ཞི་བར་བྱེད་པའི་འོ,ཐོབ་པོ,OUTLIER/
1e2f569891b548f58651cd83b8e65e7f,ོང་ཆུད་ཅིང་། །ཉི་མའི,སྒྲོན་མའི་,སྒྲོན་མའི་,སྒྲོལ་མའི་,སྒྲོན་མའི་,ཏིང་འཛིན་ཐོབ་གྱུར་ནས,སྒྲོན་མའི་,OUTLIER/
83d8b82603de41f9bc3aa9e1f5dc6354,་འོད་ཟེར་གྲུབ། །ལུས་,རྣམས་,རྣམས་,རྣམ་,རྣམས་,སྦྱོང་བའི་འོད་ཟེར་རབ,རྣམས་,OUTLIER/
52b8e63e2490426cbcd8e7a9fd05e91c,ྒོ་གཅིག་ནས། །འོད་ཟེར,གང་གཱའི་,གང་གཱའི་,གངྒའི་,གངྒའི་,བྱེ་མ་སྙེད་འབྱུང་སྟེ,གང་གཱའི་,SANSKRIT/
a65b15a847e649be8d8a7ac83422b3e3,ལ་འདི་འདྲའོ། །ཡོན་ཏན,གང་གིས་,གང་གིས་,གང་གི་,གང་གིས་,འོད་ཟེར་གང་འགྲུབ་པའི,གང་གིས་,OUTLIER/
21876581779f410b8f798ccdadfb3b66,ད། །དཔེར་རྒྱན་ནོར་བུ,བཞོན་པ་,བཞོན་པ་,གཞོན་པ་,བཞོན་པ་,གཞལ་མེད་ཁང་། །བཅུད་ཀ,བཞོན་པ་,OUTLIER/
6073b1f8218245038c51565b6b7f8373,་ནས། །བདག་ནི་ཡོན་ཏན་,ཆེ་,ཆེ་,ཆེར་,ཆེ་,རྒྱུར་མི་འགྱུར་ཞེས། ,ཆེ་,OUTLIER/
0ea49fa8d06e4558982c4b8bd3ed39a0,སུམ་ཚད་ཙམ་བྱིན་གྱིས་,བརླབ་,བརླབ་,བརླབས་,བརླབས་,བྱས་ནས། །སྐྱིལ་ཀྲུང་,བརླབ་,SIMILAR/
50748fed8bc24b64a892fba2ed028242,དང་བཅས་པས་བྱིན་གྱིས་,བརླབ་,བརླབ་,བརླབས་,བརླབས་,བྱས་ཤིང་། །སངས་རྒྱས་,བརླབ་,SIMILAR/
32a24cc002434f9c9a38d1a915206ac6,ས་སངས་རྒྱས་ཞིང་རྣམས་,གང་,གང་,གང་,དག་,ཡིན་པ། །གྲངས་མེད་མ་ལ,གང་,OUTLIER/
04619dbba94e4656b172f606feb43ece,ས་ལྡང་། །ལང་ཚོ་ཤུགས་,གནས་,གནས་,ལ་གནས་པ་,གནས་,རྣམས་ལ་མཉམ་གཞག་ཅིང་།,གནས་,OUTLIER/
608863a0c079476bacafad3ab5a37cb9,ས་ཤིང་འཁོགས་པའི་ལུས་,ལས་,ལས་,ལས་,ལ་,རྣམ་པར་ལྡང་། །རྒས་ཤི,ལས་,OUTLIER/
c37fe01b831044fbb1ba4d246563c78c,ང་། །སྤུ་སྒོ་ཐམས་ཅད་,ལས་,ལས་,ལས་,ལ་,ནི་རྣམ་པར་ལྡང་། །སྤུ,ལས་,OUTLIER/
591cbb2eb17340d0afdc1a27dd26f031,ད་ན། །ཡེ་ཤེས་ཡོན་ཏན་,ཕྱུག་,ཕྱུག་,ཕྱུག་,ཕྱུགས་,རྣམས་ཅིས་མི་བྱེད། །ར,ཕྱུག་,OUTLIER/
7fbfef64d37f4dd2be7f92a5b691673d,ཚོགས་གཟུགས་མང་མཐའ་ཡས,སྟོན་པ་,སྟོན་པ་,སྟོན་པ་,སྟོན་པར་,བྱེད། །ཉིན་མཚན་ཡུད་ད,སྟོན་པ་,OUTLIER/
b59d0f33e8e840368a502335c0bd21cd,གླང་པོ་དེ་ཡང་ལུས་ནི་,བསྒྱུར་,བསྒྱུར་,སྒྱུར་,བསྒྱུར་,བྱས་ཏེ། །ལྷ་རྣམས་ཀུན,བསྒྱུར་,OUTLIER/
da468d0a548344b28b00cf58dc1cfea1,་ལྷ་རྣམས་དང་། །ལྷ་ཡི,འདུན་ས་,འདུན་ས་,མདུན་ས་,མདུན་ས་,ཆོས་བཟངས་འདུག་ནས་སུ།,འདུན་ས་,SIMILAR/
c57f5403b41f490f8984d3e6e4d31a18,། །རླུང་ལས་བྱུང་གྱུར,སྤྲིན་གྱིས་,སྤྲིན་གྱིས་,སྤྲིན་གྱིས་,སྤྲིན་གྱི་,ཆར་འབེབས་ཤིང་། །སླར་,སྤྲིན་གྱིས་,OUTLIER/
a7359956b3ef4128ac3397c3051fa8bd,རྒྱས་ཡོན་ཏན་རྣམས་ལ་མ,བསླབས་པར,བསླབས་པར,བསླབས་པར,བསླབ་པར,། །འཇིག་རྟེན་རྣམ་སྨི,བསླབས་པར,OUTLIER/
ba3481c0524d42d99c7258e3f6915696,་ཐམས་ཅད་ཀྱི་སྒོ་རྣམས,བཅད་དོ་སྙམ་,བཅད་དོ་སྙམ་,གཅད་དོ་སྙམས་,བཅད་དོ་སྙམ་,དུ་སེམས་བསྐྱེད་དོ། །,བཅད་དོ་སྙམ་,OUTLIER/
f3a4af9bcc4540af894da5e632f2b03e,ན་དེ་དག་ལ་སྦྱིན་པ་དེ,བྱིན་པར་,བྱིན་པར་,ཕྱིན་པར་,བྱིན་པར་,གྱུར་ཅིག །གལ་ཏེ་དེ་ད,བྱིན་པར་,OUTLIER/
64550f14eb234140b079dfdbf4c95bf4,ེ་དག་གིས་བདག་གི་སྲོག,བཅད་པར་,བཅད་པར་,གཅད་པར་,བཅད་པར་,གྱུར་ཀྱང་དེ་ལ་བདག་གི,བཅད་པར་,OUTLIER/
11f7cc6343d7423298faf6d5e6ef7ed5,པའ་སེམས་དཔའ་ཆེན་པོས་,སྐྲག་,སྐྲག་,སྐྲགས་,སྐྲག་,པར་མི་བྱའོ། །གལ་ཏེ་བ,སྐྲག་,OUTLIER/
b53da64a093d4d00b94352253d31ea00,འི་ལྷ་རྣམས་ཀྱི་ཡིད་ལ,བསམ་པ་,བསམ་པ་,བསམས་པ་,བསམ་པ་,ཐམས་ཅད་འགྲུབ་པ་དང་། ,བསམ་པ་,OUTLIER/
6e33ed9cf7e8415a868c238f11f87e03,ར་ཏེ། །ལྷག་པའི་བསམ་པ,བསྐུལ་བའི་,བསྐུལ་བའི་,སྐུལ་བའི་,བསྐུལ་བའི་,མདོ་ལས་ཇི་སྐད་གསུངས་,བསྐུལ་བའི་,OUTLIER/
8a43bf5dd5cf4b378c3bb15a36e7fa0b,ྲ་བཅོམ་པ་ཉིད་ཐོབ་པར་,གྱུར་,གྱུར་,འགྱུར་,གྱུར་,ལ། དགྲ་བཅོམ་པ་དེ་དག་,གྱུར་,OUTLIER/
8fe6f77c4d794365a185be10a3756494,ས་མང་དུ་བསྐྱེད་དོ། །,,,,དགའ་,དགའ་བོ་དེ་བས་ཀྱང་གང་,,OUTLIER/
1dcac8bc1ce344c08b6b3a6e088077fc,་པའི་སྟོབས་ནི་འཁོར་ལ,བསྒོམ་པར་,བསྒོམ་པར་,སྒོམ་པར་,བསྒོམ་པར་,བྱ། །ཉིན་མཚན་དུ་ཡང་ཆ,བསྒོམ་པར་,OUTLIER/
5f6ed578787b4d41a534391910f5beb1,ན་པ་ན། ཆོས་ཀྱི་དགའ་བ,སྙོམས་པ་,སྙོམས་པ་,བསྙོམས་པ་,སྙོམས་པ་,བྱེད་དེ་ཐ་ན་འགའ་ཙམ་ལ,སྙོམས་པ་,OUTLIER/
8f6f043f753b4b6abff2c7d652a640df,་ཤ་མ་བ་ཏི། ཤ་མི་ཏ་ཤ་,ཏྲུ་,ཏྲུ་,ཏྲུཾ་,ཏྲུཾ་,ཨཾ་ཀུ་རེ། མཾ་ཀུ་རེ། ,ཏྲུ་,SANSKRIT/
93df3ab4508d46d4ba7423b7d522774a, ཀ་རོ་ཏི། ཀེ་ཡཱུ་རེ།, ཨཱུ་, ཨཱུ་,ཨོཾ་བ་ཏི། ཨུ་,ཨོཾ་བ་ཏི། ཨུ་,ཀོ་ཧཱ་ཡ་ཏི། བི་ཤ་ཐ་ན, ཨཱུ་,SANSKRIT/
5de7bfccb77147e1ac5489930b2fe895,ཱ་ཡ་ཏི། བི་ཤ་ཐ་ནི་རྨ,ལེ། མ་ལཱ་པ་ན་,ལེ། མ་ལཱ་པ་ན་,ལ། མཱ་ལཱ་པ་ནཱ་,ལ། མཱ་ལཱ་པ་ནཱ་,ཡེ། ཨུ་ཁ་རེ། ཁ་རོ་གྲ,ལེ། མ་ལཱ་པ་ན་,SANSKRIT/
a622b48fcfb248f0ae01684727f6f704,ེ། ཁ་རོ་གྲ་སེ། གྲ་ས་,ནེ,ནེ,ནི,ནེ,། ཧེ་མཱུ་ཁཱི། པ་རཱ་མ,ནེ,OUTLIER/
864b3b31643d4408813b03cacb52e17b,་གྲ་སེ། གྲ་ས་ནེ། ཧེ་,མཱུ་,མཱུ་,མུ་,མུ་,ཁཱི། པ་རཱ་མུ་ཁཱི། ཨཱ,མཱུ་,SANSKRIT/
64ea6140cafa4344ab4d90955b39023e,ས་ནེ། ཧེ་མཱུ་ཁཱི། པ་,རཱ་,རཱ་,ར་,ར་,མུ་ཁཱི། ཨཱ་མཱ་ཁཱི། ཤ,རཱ་,SANSKRIT/
eb8939df08e34cd6ba37664b60b1a8b8,ཱི། པ་རཱ་མུ་ཁཱི། ཨཱ་,མཱ་,མཱ་,མུ་,མུ་,ཁཱི། ཤ་མི་ཏཱ་ནི། སརྦ,མཱ་,SANSKRIT/
da1c194dcae044ad860e67ca9769ca50,ཁཱི། ཨཱ་མཱ་ཁཱི། ཤ་མི,ཏཱ་ནི,ཏཱ་ནི,ཏ་ནཱི,ཏ་ནཱི,། སརྦ་གྲ་ཧ་བནྡྷ་ནཱ་ན,ཏཱ་ནི,SANSKRIT/
4db0fa874eff430ba0661cb6316c57d7,ནི། སརྦ་གྲ་ཧ་བནྡྷ་ནཱ,ནི། ནི་གྲྀ་ཧཱི་ཏྭ,ནི། ནི་གྲྀ་ཧཱི་ཏྭ,ནཱི། ནི་གྲཱི་ཧཱི་ཏཱི,ནཱི། ནི་གྲཱི་ཧཱི་ཏཱི,། སརྦ་པ་ར་པྲ་བཱ་དི་ན,ནི། ནི་གྲྀ་ཧཱི་ཏྭ,SANSKRIT/
bddbca48520646d2a684c601d77b6a08,་གྲྀ་ཧཱི་ཏྭ། སརྦ་པ་ར,པྲ་བཱ་,པྲ་བཱ་,པྲ་བ་,པྲ་བ་,དི་ན་བི་མུཀྟཱ་མཱ་ར་པ,པྲ་བཱ་,SANSKRIT/
41653aaf436746dbbca662d853bd6b84,རྦ་པ་ར་པྲ་བཱ་དི་ན་བི,མུཀྟཱ་མཱ་ར་པྲ་,མུཀྟཱ་མཱ་ར་པྲ་,མུག་ཏ་མ་ར་པཱ་,མུག་ཏ་མ་ར་པཱ་,ཤཱསྠཱ་པི་ཏཱ། བུདྡྷ་མ,མུཀྟཱ་མཱ་ར་པྲ་,SANSKRIT/
e0cd449230c6438da59b507022f190d7,ི་ན་བི་མུཀྟཱ་མཱ་ར་པྲ,ཤཱསྠཱ་པི་,ཤཱསྠཱ་པི་,ཤཱསྠཱ་པ་,ཤཱསྠཱ་པ་,ཏཱ། བུདྡྷ་མུ་དྲཱ། ས་,ཤཱསྠཱ་པི་,SANSKRIT/
08eb2084d22749268268f806ed230af6,སྠཱ་པི་ཏཱ། བུདྡྷ་མུ་,དྲཱ,དྲཱ,དྲཱཿ,དྲཱཿ,། ས་མུངྒྷ་ཏི་ཏཱ་སརྦ་,དྲཱ,SANSKRIT/
081ad1ef06ad40b1852601cd3cf9bbf5,་མུངྒྷ་ཏི་ཏཱ་སརྦ་མཱ་,ར,ར,རཱ,རཱ,། ཨ་ཙ་ལི་ཏ་པ་ད་པ་རི་,ར,SANSKRIT/
73a70373cfbb41c8889468ef78919ca8,། ཨ་ཙ་ལི་ཏ་པ་ད་པ་རི་,ཤུདྡྷེ,ཤུདྡྷེ,ཤུད་དྷྱ,ཤུད་དྷྱ,། བི་གཙྪནྟུ། སརྦ་མཱར,ཤུདྡྷེ,SANSKRIT/
f8b9e60d5cd843a4bee2608b4fe181c5,པ་ད་པ་རི་ཤུདྡྷེ། བི་,གཙྪནྟུ,གཙྪནྟུ,གཙྪན་ཏི,གཙྪན་ཏི,། སརྦ་མཱར་ཀརྨ་ཎི། བླ,གཙྪནྟུ,SANSKRIT/
4f24149f4c9445108e697f7d52c9edc6,རི་ཤུདྡྷེ། བི་གཙྪནྟུ, སརྦ་མཱ, སརྦ་མཱ, སརྦ་མ་, སརྦ་མ་,ར་ཀརྨ་ཎི། བློ་གྲོས་ར, སརྦ་མཱ,SANSKRIT/
d8715ac7c5c54d2fbca6c7eccf9c0cb2,ཀྱི་གཏམ་བྱེད་ན། དེའི,ཁོར་ཡུག་,ཁོར་ཡུག་,འཁོར་ཡུག་,འཁོར་ཡུག་,དཔག་ཚད་བརྒྱ་ཚུན་ཆད་ད,ཁོར་ཡུག་,ALTERNATIVE/
d9d775ef985e43abb347b68c21a0e6e3,་བརྗོད་པ་ཇི་སྙེད་པ། ,ཀུན་གྱི་,ཀུན་གྱི་,ཀུན་གྱིས་,ཀུན་གྱི་,རྩ་བ་བག་ཡོད་འདི་ཡིན་,ཀུན་གྱི་,OUTLIER/
040a3c887cef427db25f09dfce85ef2d,ས་ཉམས་པ་དང་མི་འདོད་པ,བྱུང་བར་,བྱུང་བར་,བྱུང་བའི་,བྱུང་བར་,དོགས་པ་སྔོན་དུ་འགྲོ་,བྱུང་བར་,OUTLIER/
cfdf4d62ac4c4330aaac5eef3355aa72,ཞེ་ན། གང་འདི་དབང་པོ་,སྡོམ་,སྡོམ་,སྡོམས་,སྡོམ་,པའོ། །དེ་མིག་གིས་གཟུ,སྡོམ་,OUTLIER/
f984eb9fced144c1816795a0f18281c2,་བ་ལ་དེ་མེད། །གལ་ཏེ་,རགས་,རགས་,རག་,རག་,སྤངས་ཕྲ་དངོས་སུ། །དེ,རགས་,ALTERNATIVE/
83c27cd124f5457b9b000b46ce1b72c3,ྱས་ཐམས་ཅད་མི་རྟག་པ། ,དེ་ཡི་,དེ་ཡི་,དེ་ཡིས་,དེ་ཡི་,རྒྱུ་འབྲས་འབྲེལ་བ་ནི,དེ་ཡི་,OUTLIER/
6024d7e1804145719b44426dbccac8d7,་རེ་རེ་མི་མངོན་ནོ། །,རྒྱུད་,རྒྱུད་,རྒྱུ་,རྒྱུད་,དང་ཚོགས་ཞེས་བྱ་བ་ཡང་,རྒྱུད་,OUTLIER/
6d90a54ae78b4a7cb0eae34cfcaa984f,ི་འདི་ལྟར་སྡུག་བསྔལ་,སྐྱེད,སྐྱེད,སྐྱེད,བསྐྱེད,། །འཇིག་རྟེན་སྡུག་བས,སྐྱེད,OUTLIER/
786b3172026c438db0b0289cf800eed6,་གཏོང་། །དེ་མ་བྱིན་ན,འཇིགས་པ་,འཇིགས་པ་,འཇིགས་པ་,འཇིག་པ་,ཡིན། །འདི་ལྟར་བདག་གི,འཇིགས་པ་,OUTLIER/
b9fdd397220149caad07983fdaccbef1,བར་བྱ། །རིགས་པས་ནོར་,དེ་,དེ་,དེ་,དེས་,བསྲུང་བྱས་ཏེ། །སེམས་,དེ་,OUTLIER/
61fa7ebb4d554fd59b900f626584ae35,ལ་བསྐུལ་བའང་མི་བྱེད་,དེ,དེ,དེ,དོ།,། །ལོངས་སྤྱོད་ཕྱིར་ཡ,དེ,OUTLIER/
e7b120ff74594bc4852d98c16fc8852e,ེད་པ་སྟེ། །ཉེས་སྤྱོད,ཀུན་གྱིས་,ཀུན་གྱིས་,ཀུན་གྱིས་,ཀུན་གྱི་,དེ་དག་ནི། །སེམས་ཅན་ད,ཀུན་གྱིས་,OUTLIER/
ca95680c2e844751be43a350136ab526,ཱི་ལ་དང་། ཞུ་ཆེན་གྱི,ལོ་ཙཱ་,ལོ་ཙཱ་,ལོ་ཙཱ་,ལོཙྪ་,བ་བན་དེ་ཡེ་ཤེས་སྡེས་,ལོ་ཙཱ་,SANSKRIT/OUTLIER/
d1ec3fb058bb409798cb56648596162b,་ཏ་ཏི་ལ་ཀ་ཀ་ལ་ཤ་དང་།,ལོ་ཙཱ་,ལོ་ཙཱ་,ལོ་ཙཱ་,ལོཙྪ་,བ་དགེ་སློང་བློ་ལྡན་ཤ,ལོ་ཙཱ་,SANSKRIT/OUTLIER/
